unit_id,review_id,item_id,title,text,original_laya_labels,proposed_labels,proposed_out_of_scope,proposed_needs_adjudication,review_action,rationale,human_labels_json,human_note
t2.1-ai-v1-001,01c523961b252931e09c3ff4,B00HVBPRUO,Gold Wireless Stereo Headset - PlayStation 4,"Good sound quality - the virtual surround sound work especially well - and no setup required, just plug the receiver in and go.",[],[],True,False,correct,"Headset hardware/audio, ngoài ontology game.",,
t2.1-ai-v1-002,033b7e114e9f6df977a6a922,B0044R8X9U,Ace Combat Assault Horizon - Xbox 360,"Ace combat 6 was one of my favorite games early in the life of the 360, so when new ace combat game was coming I was excited.",[],"[{""aspect"": ""value"", ""polarity"": ""positive"", ""start"": 17, ""end"": 41, ""evidence"": ""one of my favorite games""}]",False,True,correct,Yêu thích game cũ là đánh giá giá trị/trải nghiệm chung; không đủ căn cứ cho controls/multiplayer.,,
t2.1-ai-v1-003,047e7f9ab550f7ad7e5a40e8,B008U2XH0U,Rock Candy Wii Gesture Controller - Red,Used by 6 kids ages 8 and under for over a month now and no issues!,[],[],True,False,correct,Controller hardware reliability.,,
t2.1-ai-v1-004,07b1f566a0f05737b70d08ae,B000YOCGUO,Nintendo 64 System Video Game Console,"Great fast shipping, System is working perfectly the only reason i gave a 4 star is because the controller's joystick is a little loose other than that great buy..",[],[],True,False,correct,Console/controller hardware và shipping.,,
t2.1-ai-v1-005,09a46221c54f94ea55544e5e,B0063IVH1O,USB Sync & Charging Cable for Dell Streak 5 and Dell Streak 7,the plastic cover on the part that goes into the tablet comes off every time I try to pull it out.,[],[],True,False,correct,Tablet charging cable accessory.,,
t2.1-ai-v1-006,0c1c5df21646499c9492dde0,B0055VHUAM,The Sims 3: Pets - Playstation 3,The PC download of the Sims 3 Pets game took forever to install.,[],"[{""aspect"": ""performance"", ""polarity"": ""negative"", ""start"": 40, ""end"": 63, ""evidence"": ""took forever to install""}]",False,False,correct,Cài đặt rất lâu là vấn đề hiệu năng/khả năng chạy phần mềm.,,
t2.1-ai-v1-007,0d395ff21aea34491d4baca5,B07L7QDB7K,"Perixx 11055 PX-1100, Backlit Keyboard - Red/Blue/Purple Illuminated Keys - Gaming Style Design - Rubber Painting Surface - 20 Million Key-Press Lifecycle - Adjustable Palm Rest","i decided to get another keyboard because my old mechanical Dell keyboard was getting annoying it worked great up until i cleaned it out the shift key started to hang up had to put effort into most of the keys before they would register, so i went with PERIXX PX-1100 most of the time i like to play games in the dark so after i noticed PX-1100 had keys that lit up i figured this was perfect the keys feel mechanical",[],[],True,False,correct,Gaming keyboard hardware.,,
t2.1-ai-v1-008,0ebb065343adbe0f418e6e07,B002JTX78M,Dead Rising 2 - PC,Is a great game,[],[],False,True,uncertain,"Khen chung game, không nêu aspect cụ thể.",,
t2.1-ai-v1-009,10f68fe3805699528ff08dca,B000FSEV2U,SIM Theme Park (Gold Edition),One of my favourite childhood games of the 90s with Roller Coaster Tycoon!,[],"[{""aspect"": ""value"", ""polarity"": ""positive"", ""start"": 10, ""end"": 35, ""evidence"": ""favourite childhood games""}]",False,True,correct,"Hoài niệm/khen chung, không đủ aspect cụ thể.",,
t2.1-ai-v1-010,1427c3fa85caf01bff6d594c,B004ASNIRU,Majesty 2: Battles of Ardania Expansion [Download],the game was enjoyable,[],"[{""aspect"": ""gameplay"", ""polarity"": ""positive"", ""start"": 4, ""end"": 22, ""evidence"": ""game was enjoyable""}]",False,True,correct,Enjoyable là đánh giá gameplay chung; giữ needs adjudication vì không nêu cơ chế.,,
t2.1-ai-v1-011,173c2978fd2fac25829ec628,B00IAVDQCK,Xbox One Stereo Headset,It's a good headset...when the Xbox One console detects it.,[],[],True,False,correct,Headset detection hardware.,,
t2.1-ai-v1-012,1776e34651ee1de8eaba25bf,B002P69VAC,8GB Memory Stick Micro Media + M2 Duo Adaptor - Sony PSP,OK,[],[],True,True,uncertain,"Memory accessory, OK không có aspect.",,
t2.1-ai-v1-013,19f9d318e61fb76c1d37c3f1,B007W5P8TE,The Secret World - PC,This is a game that had a TON of potential,[],[],False,True,uncertain,"Tiềm năng chung, chưa nêu aspect.",,
t2.1-ai-v1-014,1c0e5daf7e9fa7bd05d2baa4,B07MQ6DTLG,LEGO Ninjago: Shadow of Ronin - Nintendo 3DS,My 8yr old son loved the game.,[],"[{""aspect"": ""gameplay"", ""polarity"": ""positive"", ""start"": 15, ""end"": 29, ""evidence"": ""loved the game""}]",False,True,correct,Yêu thích game là tín hiệu gameplay rất chung; cần adjudication.,,
t2.1-ai-v1-015,1c644519b24fb5f4a9c2f5c7,B082KPGL1V,"BOOGIIO Nintendo Switch Carrying Case, Hard Shell Travel Carrying Box Case for Nintendo Switch with 10 Game Cards Holders, Portable Pouch for Nintendo Switch Console & Accessories -Black","Sturdy well made case, protects your Switch during travel.",[],[],True,False,agree,Switch carrying case.,,
t2.1-ai-v1-016,1fe8f9da07481a4eb16e1ec4,B002BWOW54,LEGO Harry Potter: Years 1-4 - Sony PSP,Grandsons 7 and 9 love this game.,[],"[{""aspect"": ""gameplay"", ""polarity"": ""positive"", ""start"": 18, ""end"": 32, ""evidence"": ""love this game""}]",False,True,correct,Khen chung; không suy diễn aspect chi tiết.,,
t2.1-ai-v1-017,2408aea4db5621e4b48a6dbf,B003Z0BRDQ,Sid Meier's Civilization V [Download],"First let me say, I am a software engineer and I install software all the time.",[],[],False,True,uncertain,"Tự giới thiệu, không phải claim về game.",,
t2.1-ai-v1-018,25561b4ea09b4b9786a9f190,B01KHFB2AY,Cooler Master SGM-4006-KFOA1 MasterMouse Pro L Gaming Mouse with Customizable Top Covers and RGB for Multiple Lighting Effects,"The weight, shape, and sensor are fine.",[],[],True,False,correct,Gaming mouse hardware.,,
t2.1-ai-v1-019,27ce79445fabab4c7f881028,B0773CS51L,CHENBO 10 xSilicone Thumb Stick Grips Caps Cute Cat Paw,I got this for both of my Switch and PS4 controllers.,[],[],True,False,agree,Controller grip accessory.,,
t2.1-ai-v1-020,3955ac1f397c232bfd55f5b0,B0721GGGS9,Super NES Classic,&#60;3 - My childhood.,[],[],False,True,uncertain,"Hoài niệm cảm xúc, không xác định aspect.",,
t2.1-ai-v1-021,3cf9e9ee61639a6c44b5683b,B000WMEEBC,Sid Meier's Civilization Revolution - Playstation 3,Love this game,[],"[{""aspect"": ""gameplay"", ""polarity"": ""positive"", ""start"": 0, ""end"": 14, ""evidence"": ""Love this game""}]",False,True,correct,Khen chung; needs adjudication.,,
t2.1-ai-v1-022,3cfcc280c0b8bb59e76fe990,B000038ABQ,Road Rash,"I never had this game as a kid,and just heard of it recently",[],[],False,True,uncertain,"Chỉ nói từng nghe game, không đánh giá.",,
t2.1-ai-v1-023,4549458bf81880a6b8492774,B00BFOEY4I,Logitech 981-000541 G230 Stereo Gaming Headset with Mic,"Purchased item Oct. 21, 2014, sitting here now and now (Feb 15, 2015) the left side has broken off.",[],[],True,False,correct,Headset hardware.,,
t2.1-ai-v1-024,47071fc24b3e45c6ed2dd748,B000V8G1CC,"PS4 Game Controller Wireless,with Dual Vibration and Audio Function Anti-Slip Grip, Mini LED Indicator Pro Controller Gamepad for PS4/Slim/Pro Console","I bought these along with controllers, and thought I was getting a quality product",[],[],True,False,correct,Controller hardware.,,
t2.1-ai-v1-025,4aca3897cd30f8488fec7907,B07NLL17W7,Sliq Gaming Pro-Hex Thumb Stick Grips for Xbox Series X|S & Xbox One Controllers,Good,[],[],True,False,correct,Thumb grips accessory.,,
t2.1-ai-v1-026,4c87c64dd861d020631aeacc,B001EYUNWQ,The Lord of the Rings: Return of the King (DVD-ROM) - PC,We bought this to find out it does not run under OSX Lion.,[],"[{""aspect"": ""performance"", ""polarity"": ""negative"", ""start"": 30, ""end"": 57, ""evidence"": ""does not run under OSX Lion""}]",False,False,correct,Không chạy trên OS là tương thích/hiệu năng.,,
t2.1-ai-v1-027,4caa50543058cf4daf1a5325,B07XTN79W6,Pokemon Enhanced Wired Controller For Nintendo Switch - Pikachu (Nintendo Switch),Gets dirty real fast fingerprints everywhere,[],[],True,False,correct,Controller hardware.,,
t2.1-ai-v1-028,50192e54b5c8106d29937864,B000S6AG9G,"ReNext Tri-wing Screwdriver for Nintendo Wii, Gamecube, Gameboy Advance",Extremely useful for Nintendo products that require this tri star tool!,[],[],True,False,agree,Screwdriver tool.,,
t2.1-ai-v1-029,50354bf4975894ed82349947,B00CF7KVMI,Madden NFL 25 Anniversary Edition with NFL Sunday Ticket -Xbox 360,This gets 5 cuz it's awesome overall.,[],"[{""aspect"": ""gameplay"", ""polarity"": ""positive"", ""start"": 21, ""end"": 36, ""evidence"": ""awesome overall""}]",False,True,correct,Khen tổng quát; không suy diễn aspect.,,
t2.1-ai-v1-030,516e4998c8f57a808c60cfbc,B000X8C3YU,Atari 7800 System - Video Game Console,did not work,[],[],True,True,uncertain,"Console does not work; hardware scope, failure type unspecified.",,
t2.1-ai-v1-031,5a18b24ec25e91fb578a0c20,B07YBWT3PK,Fallout 4 - Xbox One,False codes DO NOT BUY,[],"[{""aspect"": ""value"", ""polarity"": ""negative"", ""start"": 0, ""end"": 22, ""evidence"": ""False codes DO NOT BUY""}]",False,False,correct,Game code failure affects value.,,
t2.1-ai-v1-032,5b5022fb7089df9c11407f0e,B0000E5U6M,Link Cable for Game Boy Advance and Gamecube,Does what I needed!,[],[],True,False,correct,Link cable accessory.,,
t2.1-ai-v1-033,5e396b38052f569772a22c9b,B00WL7IK7A,Might & Magic Heroes VII: Deluxe Edition [Online Game Code],Great Heroes game!,[],"[{""aspect"": ""gameplay"", ""polarity"": ""positive"", ""start"": 0, ""end"": 17, ""evidence"": ""Great Heroes game""}]",False,True,correct,Khen chung về game.,,
t2.1-ai-v1-034,6e944e206bc0b14fc00c74b0,B00029QR7O,Sid Meier's Civilization III Complete,"Considering it shipped in a week from across the pond,  was impressed.",[],[],True,False,correct,"Shipping בלבד, out of ontology.",,
t2.1-ai-v1-035,71115fdcb1bbbeffb6b18a11,B00ZP9XO9U,Mighty No. 9 Signature Edition - Xbox One,I've been a huge Mega Man fan since I was a kid renting Mega Man 3 from a local video store.,[],[],False,True,uncertain,"Fan franchise/hoài niệm, không đánh giá title hiện tại.",,
t2.1-ai-v1-036,7ac4b42dcb49b151bd3dddf3,B000059P7G,Maurice Ashley Teaches Chess ( Windows/Macintosh ),I'm no spring chicken,[],[],True,False,correct,"Chess training software, nhưng câu không có aspect.",,
t2.1-ai-v1-037,7dd1c193bf1d04c10c78abb2,B00KO4ULZ6,LEGO Batman 3: Beyond Gotham - PlayStation 3,Very fun lots of levels.,[],"[{""aspect"": ""gameplay"", ""polarity"": ""positive"", ""start"": 0, ""end"": 8, ""evidence"": ""Very fun""}, {""aspect"": ""content_replay"", ""polarity"": ""positive"", ""start"": 9, ""end"": 23, ""evidence"": ""lots of levels""}]",False,False,correct,Fun và số lượng level là gameplay/content.,,
t2.1-ai-v1-038,7f929fdf9f4e1f7a43f5b701,B00118T6G4,Major League Baseball 2K8 - Xbox 360,"I've been really, really trying to look past the bugs in this game",[],"[{""aspect"": ""performance"", ""polarity"": ""negative"", ""start"": 49, ""end"": 66, ""evidence"": ""bugs in this game""}]",False,False,correct,Bugs là performance; Laya chưa gán.,,
t2.1-ai-v1-039,7fc3bfc1acf963b88647458f,B00GIK3YAO,PowerA MOGA Hero Power - Electronic Games,Being able to charge your phone on the go,[],[],True,False,agree,Phone/controller accessory.,,
t2.1-ai-v1-040,80c6d70f04b8c46a19c32d59,B07Y52Q8CS,"Boom Gaming Microphone Cable Compatible with Game PS4 Xbox One PC Laptop Phone and Sony MDRXB950BT, MDRXB650BT, MDR1000X, MDR100ABN, WH1000XM2, MDR-1A Headphone - with Volume Control and Mute Switch",I've tried using the included audio splitter and one from my old V-MODA BoomPro.,[],[],True,False,correct,Microphone cable accessory.,,
t2.1-ai-v1-041,82414b419fd283124da22adb,B00E1L78N6,Polk Audio 4Shot Headphone,"These headphones are comfortable, and the sound quality is fine.",[],[],True,False,agree,Headphones hardware.,,
t2.1-ai-v1-042,845e8169df6f3553faa62c48,B07CV6LH3V,"Mumba Case for Nintendo Switch, [Heavy Duty] Slim Rubberized [Snap on] Hard Case Cover for Nintendo Switch 2017 Release (Black)",Extremly happy with this purchase.,[],[],True,False,correct,Switch case accessory.,,
t2.1-ai-v1-043,8b6d4c8cd0675e759dc3249a,B00BU3ZLJQ,Minecraft,"Bought this for my son, he loves it.",[],"[{""aspect"": ""gameplay"", ""polarity"": ""positive"", ""start"": 24, ""end"": 35, ""evidence"": ""he loves it""}]",False,True,correct,Khen chung; scope game nhưng aspect không rõ.,,
t2.1-ai-v1-044,8fe4cff789ec86ee7564efec,B07BR3RWBP,CORSAIR HS70 SE Wireless - 7.1 Surround Sound Gaming Headset - Discord Certified Headphones - Special Edition,Build material is great,[],[],True,False,correct,Headset build material.,,
t2.1-ai-v1-045,94573b02fb4cab80838ea351,B08HGRRSW5,"ECHZOVE Clear Protective Case Compatible with Nintendo Switch Pro Controller, Hard Clear Shell Cover for Switch Pro Controller",Doesn’t fit,[],[],True,False,correct,Controller case fit.,,
t2.1-ai-v1-046,946ac00c57e849affa25fd27,B00BGA9X9W,DualShock 4 Wireless Controller for PlayStation 4 - Jet Black [Old Model],"it is not working & freezing most of the times specially when you r playing sport games ,this is not gd",[],"[{""aspect"": ""performance"", ""polarity"": ""negative"", ""start"": 6, ""end"": 46, ""evidence"": ""not working & freezing most of the times""}]",False,False,correct,Không hoạt động/freezing là performance.,,
t2.1-ai-v1-047,94702310f36dc43630f8429a,B098VVRH1T,"Pimax 5K Plus VR Headset with Wide 200 Degrees FOV, Dual 2560x1440p CLPL Panels, UHD for watching180/360 Panoramic Videos, PC VR, Steam VR Gamers, US Plug Adapter","So I have a pimax 5k, and upgraded to this 8k.",[],[],True,False,correct,VR headset hardware.,,
t2.1-ai-v1-048,9658578ab17b82ea1794b43b,B01I7P49QA,OBVIS for Xbox One (Not for Xbox Series X) Dual Charging Dock Charger Station with 2 Rechargeable Batteries and USB Cable Wireless Controller,Controllers constantly fall of the base and will not charge.,[],[],True,False,correct,Charging dock hardware.,,
t2.1-ai-v1-049,979aeae5aa4967f071058fd8,B011KQP0K2,"TNP Protective Case Compatible with Nintendo New 3DS XL LL 2015, Navy Blue - Plastic + Aluminum Full Body Protective Snap-on Hard Shell Skin Case Cover New Modified Hinge-Less Design",I gave this Case 2 stars because it held together when i dropped it.,[],[],True,False,agree,Protective case accessory.,,
t2.1-ai-v1-050,984af8672ace0832cea2cd30,B07L5FKGQH,Far Cry New Dawn - Deluxe Edition - Xbox [Digital Code],I have a low-tolerance for sandbox-style games that gloss over paper-thin plots in the hope that randomly-generated encounters will make for fun gameplay.,[],"[{""aspect"": ""story"", ""polarity"": ""negative"", ""start"": 63, ""end"": 79, ""evidence"": ""paper-thin plots""}, {""aspect"": ""gameplay"", ""polarity"": ""negative"", ""start"": 97, ""end"": 153, ""evidence"": ""randomly-generated encounters will make for fun gameplay""}]",False,False,correct,"Phê bình plot và nêu gameplay; polarity của gameplay trong mệnh đề là nghi vấn, needs adjudication.",,
t2.1-ai-v1-051,9a46054dbac8011c03a9aade,B00HTK1NCS,Redragon M601 RGB Gaming Mouse Backlit Wired Ergonomic 7 Button Programmable Mouse Centrophorus with Macro Recording & Weight Tuning Set 7200 DPI for Windows PC (Black),"Looks excellent, especially for the price.",[],[],True,False,correct,Gaming mouse hardware.,,
t2.1-ai-v1-052,9ffa2a4e4ac7818fa70af484,B0009WH7DM,Peter Jackson's King Kong: the Official Game of the Movie - PC,"Stay away from this game, unless you enjoy playing error prone poorly programmed video games.","[{""aspect"": ""controls"", ""polarity"": ""negative"", ""start"": 0, ""end"": 93, ""evidence"": ""Stay away from this game, unless you enjoy playing error prone poorly programmed video games.""}, {""aspect"": ""multiplayer"", ""polarity"": ""negative"", ""start"": 0, ""end"": 93, ""evidence"": ""Stay away from this game, unless you enjoy playing error prone poorly programmed video games.""}]","[{""aspect"": ""performance"", ""polarity"": ""negative"", ""start"": 51, ""end"": 80, ""evidence"": ""error prone poorly programmed""}]",False,False,correct,"Lỗi/lập trình kém là performance, không phải controls/multiplayer.",,
t2.1-ai-v1-053,a000a342c1c1e383a4542ed0,B01N3ASPNV,amFilm Tempered Glass Screen Protector for Nintendo Switch 2017 (2-Pack),Product works great!,[],[],True,False,correct,Screen protector accessory.,,
t2.1-ai-v1-054,a04ba8a1619231e52b09edc6,B00YQM1PNY,UNCHARTED: The Nathan Drake Collection - PlayStation 4,"As I was opening the package the game came in, I heard something shifting around.",[],[],True,True,uncertain,Package/arrival condition; scope outside game aspects.,,
t2.1-ai-v1-055,ac7ced89d49b162149bce653,B0000512E9,CH Products Flight Sim Yoke USB LE,It worked just fine.,[],[],True,False,correct,Flight yoke hardware.,,
t2.1-ai-v1-056,acc6ad52c2c5c64cfb1027e6,B073BVHY3F,"SNES Nintendo Classic Mini: Super Nintendo Entertainment System (Europe), Not Region Locked",The product is awesome,[],[],True,False,correct,"Console product praise, không game aspect.",,
t2.1-ai-v1-057,ad77204c3af96e3590bce88f,B07YBXFDYN,Skyrim VR - PlayStation 4,It was used when I bought it so I didn't expect anything great.,[],[],True,False,correct,Used product condition/value unclear.,,
t2.1-ai-v1-058,adf824b836173e957d754b7f,B008M502H6,Deadpool - PlayStation 3,"Deadpool has to be one of the most outlandish and immature games ive ever played, and i love it!",[],"[{""aspect"": ""gameplay"", ""polarity"": ""positive"", ""start"": 86, ""end"": 95, ""evidence"": ""i love it""}]",False,True,correct,Khen trải nghiệm chung dù mô tả phong cách; cần adjudication.,,
t2.1-ai-v1-059,af27f2abe8adaf873c03e38e,B07S7HMXYK,"Newseego Mobile Game Controllers, Phone Triggers for Mobile Phone, Shooter Sensitive Controller Joysticks Gamepad for Knives Out/Rules of Survival(1 Pair Triggers + 3 in 1 Portable Gamepad)",Product was great.,[],[],True,False,correct,Mobile controller accessory.,,
t2.1-ai-v1-060,b347be06a2e99b2599223fba,B001QT8RGS,The Dark Eye: Drakensang - PC,Drakensang is a beautifully rendered game.,"[{""aspect"": ""graphics"", ""polarity"": ""positive"", ""start"": 35, ""end"": 77, ""evidence"": ""Drakensang is a beautifully rendered game.""}]","[{""aspect"": ""graphics"", ""polarity"": ""positive"", ""start"": 51, ""end"": 71, ""evidence"": ""beautifully rendered""}]",False,False,agree,Laya graphics đúng; evidence đầy đủ.,,
t2.1-ai-v1-061,b3dce20c738a3b9e1086d888,B001ELJPX2,Zoo Hospital - Nintendo Wii,This game had the potential to be really fun...,[],"[{""aspect"": ""gameplay"", ""polarity"": ""positive"", ""start"": 18, ""end"": 44, ""evidence"": ""potential to be really fun""}]",False,True,correct,Tiềm năng gameplay nhưng chưa trải nghiệm chắc chắn.,,
t2.1-ai-v1-062,bb350ace236faecd49cc6606,B0836T7T7D,"Route Air Pro Bluetooth Adapter Compatible for Nintendo Switch & Lite, PS4/PC, Support in-Game Voice Chat w/APTX Low Latency Wireless Audio Transmitter for Airpods Wireless Headphone Speakers","Because Nintendo switch does not have Bluetooth, to be able to use chat, you have to have 1 of these transmitters.","[{""aspect"": ""gameplay"", ""polarity"": ""neutral"", ""start"": 0, ""end"": 114, ""evidence"": ""Because Nintendo switch does not have Bluetooth, to be able to use chat, you have to have 1 of these transmitters.""}, {""aspect"": ""story"", ""polarity"": ""neutral"", ""start"": 0, ""end"": 114, ""evidence"": ""Because Nintendo switch does not have Bluetooth, to be able to use chat, you have to have 1 of these transmitters.""}, {""aspect"": ""graphics"", ""polarity"": ""neutral"", ""start"": 0, ""end"": 114, ""evidence"": ""Because Nintendo switch does not have Bluetooth, to be able to use chat, you have to have 1 of these transmitters.""}, {""aspect"": ""multiplayer"", ""polarity"": ""neutral"", ""start"": 0, ""end"": 114, ""evidence"": ""Because Nintendo switch does not have Bluetooth, to be able to use chat, you have to have 1 of these transmitters.""}, {""aspect"": ""content_replay"", ""polarity"": ""neutral"", ""start"": 0, ""end"": 114, ""evidence"": ""Because Nintendo switch does not have Bluetooth, to be able to use chat, you have to have 1 of these transmitters.""}, {""aspect"": ""value"", ""polarity"": ""neutral"", ""start"": 0, ""end"": 114, ""evidence"": ""Because Nintendo switch does not have Bluetooth, to be able to use chat, you have to have 1 of these transmitters.""}]",[],True,False,correct,Bluetooth adapter accessory.,,
t2.1-ai-v1-063,c13c0f48fb86971f259aeb73,B0006B5LQ6,Petz: Dogz and Catz - PC,I received the games,[],[],True,True,uncertain,Receipt only; no evaluative aspect.,,
t2.1-ai-v1-064,c25f59f81cdc8746f0c513d9,B0B2RQXT92,"Orzly Nintendo Switch & OLED Console Steering Wheel, 4 Pack, for Mario Kart 8 Deluxe Nintendo Switch, Mariokart Switch Steering Wheel (Joycon Controller Attachments) (2X Black, 1x Wheel, 1x Red)",Nice set for the price.,[],[],True,False,correct,Steering wheel accessory.,,
t2.1-ai-v1-065,c4d889feee42eed9dc314ddd,B00PY6MSTQ,Nintendo 3DS XL New Super Mario Bros 2 Limited Edition,excellent,[],[],True,False,correct,Console product praise.,,
t2.1-ai-v1-066,c867188bb09773d0071ff569,B017QU5G1O,"PDP Gaming Energizer Dual Controller Charging System, Two Rechargeable Battery Packs: Black - Xbox One",Super clean and packaged nicely.,[],[],True,False,correct,Charging system package.,,
t2.1-ai-v1-067,c8b427f90cd757f3c7d23e43,B09CVKG3DD,"Beastron RGB LED Backlit Mechanical Wired Gaming Keyboard with Blue Switches, Adjustable Backlit Effects, Compatible with PC and Mac - Sapphire Spectrum 2013BL",I just got the keyboard today and I can say for 17 dollars im pretty happy.,[],[],True,False,correct,Keyboard hardware.,,
t2.1-ai-v1-068,cf528d93f4ccc5468f053ae9,B07FK7ZRBW,PDP Gaming LVL3 Wired Headset with Noise Cancelling Microphone: Grey Camo - PS5/PS4,"Not sturdy enough, fragile for a teenager.",[],[],True,False,correct,Headset durability.,,
t2.1-ai-v1-069,da0554b8735de790af180908,B005669IE2,Just Dance 3,My granddaughter dances to this constantly - she has all of the Just Dance  DVD's -great exercise too.,[],"[{""aspect"": ""gameplay"", ""polarity"": ""positive"", ""start"": 17, ""end"": 42, ""evidence"": ""dances to this constantly""}, {""aspect"": ""content_replay"", ""polarity"": ""positive"", ""start"": 53, ""end"": 81, ""evidence"": ""all of the Just Dance  DVD's""}]",False,True,correct,Mức sử dụng/giải trí cho thấy gameplay; content evidence yếu.,,
t2.1-ai-v1-070,de694f57ef36cd7152a0ee4e,B01CIEBU54,HyperX Cloud Revolver Gaming Headset for PC & PS4 (HX-HSCR-BK/NA),I bought mic a year and a half ago and it has started to die in a pretty annoying way.,[],[],True,False,correct,Microphone/headset hardware.,,
t2.1-ai-v1-071,e0df04615b908cd1d804e0b2,B00ZWWMMRU,TNP Products for PS4 USB Hub 5 Port USB 3.0 2.0 High Speed Expansion Hub Charger Controller Adapter Connector for Sony Playstation 4 Gaming Console [Playstation 4],"I received the item, it fits cleanly to the ps4 although a little loose.",[],[],True,False,correct,USB hub accessory.,,
t2.1-ai-v1-072,e26c6a6d6711c49835610bb1,B015XC3B46,"Zacro PS4 Vertical Stand Cooling Fan Dual Charging Station for Playstation 4 Dual Shock 4 Controllers, with Dual USB HUB Charger Ports -Dual Use with Cooling and Charging System(Not for PS4 Slim/Pro)",You can charge controllers without a wire,[],[],True,False,correct,Charging stand accessory.,,
t2.1-ai-v1-073,e6b72d11c75728c33f95c319,B01I3946R2,"Programmable Gaming Mouse, aLLreLi M515BU 4000 DPI Ergonomic Optical Mouse with 6 Programmable Keys",I have another type of gaming mouse by this company and it's been  a decent gaming mouse that I use with my laptop.,[],[],True,False,correct,Gaming mouse hardware.,,
t2.1-ai-v1-074,e89ce69d0a5a3d2acb2d6023,B07MHNTVBL,LEGO Marvel Super Heroes - PlayStation 4,"This a Great Sony PS4 Game, my kids just love !",[],"[{""aspect"": ""gameplay"", ""polarity"": ""positive"", ""start"": 31, ""end"": 45, ""evidence"": ""kids just love""}]",False,True,correct,"Khen chung, cần adjudication.",,
t2.1-ai-v1-075,eb38e9441d18dc2302a08363,B074G34RY2,SteelSeries Sensei Laser Gaming Mouse [RAW] Frost Blue Edition,Third Steele Series mouse I have owned.,[],[],True,False,correct,Gaming mouse hardware.,,
t2.1-ai-v1-076,eb90eebe7ab8088e95225e9e,B001EYUXWQ,Silent Hill: Homecoming - Xbox 360,You guy is too strong for Survival Horror.,[],"[{""aspect"": ""gameplay"", ""polarity"": ""negative"", ""start"": 11, ""end"": 41, ""evidence"": ""too strong for Survival Horror""}]",False,False,correct,Độ khó/cân bằng làm giảm gameplay; không phải multiplayer.,,
t2.1-ai-v1-077,f22edfa9ac83f2f4a1fe6d12,B00K77WQ3A,"Turtle Beach - Ear Force P12 - Amplified Stereo Gaming Headset - PS4, PS Vita, and Mobile Devices - FFP","If you are looking for an entry gamer headset that doesn't break the bank, these are for you.",[],[],True,False,agree,Headset accessory/value.,,
t2.1-ai-v1-078,fb4034c676041ec30aaea48c,B00BDR5SO2,Looney Tunes Golden Collection Volume 1 4-Disc DVD Collection,What youre expecting!nice,[],[],True,True,uncertain,"DVD/media expectation, no game aspect.",,
t2.1-ai-v1-079,fed92caa3f71630cdf641769,B01N9SISEM,"AFUNTA GM-1 Gaming Headset Compatible New PS4 PC Tablet Cellphone, Stereo LED Backlit Headphone with Mic Red",Worked well for a month until the sound from the left earphone stopped working.,[],[],True,False,correct,Headset hardware.,,
t2.1-ai-v1-080,01c523961b252931e09c3ff4,B00HVBPRUO,Gold Wireless Stereo Headset - PlayStation 4,Pretty comfortable,[],[],True,False,correct,Headset comfort.,,
t2.1-ai-v1-081,033b7e114e9f6df977a6a922,B0044R8X9U,Ace Combat Assault Horizon - Xbox 360,Unfortunately the new game isn't even remotely as fun as the last.,"[{""aspect"": ""controls"", ""polarity"": ""negative"", ""start"": 126, ""end"": 192, ""evidence"": ""Unfortunately the new game isn't even remotely as fun as the last.""}, {""aspect"": ""multiplayer"", ""polarity"": ""negative"", ""start"": 126, ""end"": 192, ""evidence"": ""Unfortunately the new game isn't even remotely as fun as the last.""}]","[{""aspect"": ""gameplay"", ""polarity"": ""negative"", ""start"": 153, ""end"": 191, ""evidence"": ""isn't even remotely as fun as the last""}]",False,True,correct,Kém vui là gameplay chung; Laya controls/multiplayer sai.,,
t2.1-ai-v1-082,047e7f9ab550f7ad7e5a40e8,B008U2XH0U,Rock Candy Wii Gesture Controller - Red,Only 4/5 stars because it did not come with a wrist strap and I thought it should have..,[],[],True,False,correct,Controller accessory/wrist strap.,,
t2.1-ai-v1-083,07b1f566a0f05737b70d08ae,B000YOCGUO,Nintendo 64 System Video Game Console,thanks..,[],[],True,True,uncertain,"Thank-you only, no aspect.",,
t2.1-ai-v1-084,0c1c5df21646499c9492dde0,B0055VHUAM,The Sims 3: Pets - Playstation 3,"Once it was fully downloaded, I could not access the game.",[],"[{""aspect"": ""performance"", ""polarity"": ""negative"", ""start"": 98, ""end"": 123, ""evidence"": ""could not access the game""}]",False,False,correct,Không truy cập được game là software availability/performance.,,
t2.1-ai-v1-085,0d395ff21aea34491d4baca5,B07L7QDB7K,"Perixx 11055 PX-1100, Backlit Keyboard - Red/Blue/Purple Illuminated Keys - Gaming Style Design - Rubber Painting Surface - 20 Million Key-Press Lifecycle - Adjustable Palm Rest",they also feel like membrane keys.,[],[],True,False,correct,Keyboard hardware.,,
t2.1-ai-v1-086,0ebb065343adbe0f418e6e07,B002JTX78M,Dead Rising 2 - PC,the code that come with it is expired the only down thing of the collector's edition,[],"[{""aspect"": ""value"", ""polarity"": ""negative"", ""start"": 24, ""end"": 57, ""evidence"": ""code that come with it is expired""}]",False,False,correct,Mã hết hạn làm giảm giá trị sản phẩm.,,
t2.1-ai-v1-087,10f68fe3805699528ff08dca,B000FSEV2U,SIM Theme Park (Gold Edition),I am revisiting this game since a long time ago in Theme Park Roller Coaster for PS2.,[],[],False,True,uncertain,"Đang chơi lại/hoài niệm, chưa đánh giá aspect.",,
t2.1-ai-v1-088,1427c3fa85caf01bff6d594c,B004ASNIRU,Majesty 2: Battles of Ardania Expansion [Download],I wish the creators would have kept more towards the style of the 1st majesty.,[],"[{""aspect"": ""story"", ""polarity"": ""negative"", ""start"": 81, ""end"": 105, ""evidence"": ""style of the 1st majesty""}]",False,True,correct,"So sánh phong cách có thể là narrative/design, ambiguous.",,
t2.1-ai-v1-089,173c2978fd2fac25829ec628,B00IAVDQCK,Xbox One Stereo Headset,"Just like any other headset, the Xbox One's flaws make it impossible to use any headset half of the time unless you restart you console with the headset plugged into the controller before you turn it on.",[],[],True,False,correct,Headset/console detection hardware.,,
t2.1-ai-v1-090,19f9d318e61fb76c1d37c3f1,B007W5P8TE,The Secret World - PC,completely missed the mark.,[],"[{""aspect"": ""gameplay"", ""polarity"": ""negative"", ""start"": 59, ""end"": 74, ""evidence"": ""missed the mark""}]",False,True,correct,Kết luận tiêu cực chung về game; aspect cụ thể không rõ.,,
t2.1-ai-v1-091,1c0e5daf7e9fa7bd05d2baa4,B07MQ6DTLG,LEGO Ninjago: Shadow of Ronin - Nintendo 3DS,he finished the game within a few days & now it's just there.,[],"[{""aspect"": ""content_replay"", ""polarity"": ""negative"", ""start"": 38, ""end"": 73, ""evidence"": ""finished the game within a few days""}]",False,False,correct,Độ dài nội dung ngắn.,,
t2.1-ai-v1-092,1c644519b24fb5f4a9c2f5c7,B082KPGL1V,"BOOGIIO Nintendo Switch Carrying Case, Hard Shell Travel Carrying Box Case for Nintendo Switch with 10 Game Cards Holders, Portable Pouch for Nintendo Switch Console & Accessories -Black",And has pockets for up to 10 of your games.,[],[],True,False,correct,Carrying case pockets.,,
t2.1-ai-v1-093,1fe8f9da07481a4eb16e1ec4,B002BWOW54,LEGO Harry Potter: Years 1-4 - Sony PSP,Requires cooperation between players and persistence to move through the game.,[],"[{""aspect"": ""multiplayer"", ""polarity"": ""neutral"", ""start"": 44, ""end"": 71, ""evidence"": ""cooperation between players""}, {""aspect"": ""gameplay"", ""polarity"": ""neutral"", ""start"": 76, ""end"": 112, ""evidence"": ""persistence to move through the game""}]",False,False,correct,Co-op và tiến triển gameplay được nêu trực tiếp.,,
t2.1-ai-v1-094,2408aea4db5621e4b48a6dbf,B003Z0BRDQ,Sid Meier's Civilization V [Download],I had heard several people had trouble getting this to work on Windows 7.,[],"[{""aspect"": ""performance"", ""polarity"": ""negative"", ""start"": 111, ""end"": 152, ""evidence"": ""trouble getting this to work on Windows 7""}]",False,False,correct,Khả năng chạy/tương thích OS.,,
t2.1-ai-v1-095,25561b4ea09b4b9786a9f190,B01KHFB2AY,Cooler Master SGM-4006-KFOA1 MasterMouse Pro L Gaming Mouse with Customizable Top Covers and RGB for Multiple Lighting Effects,Mine had some sensor/lens rattle,[],[],True,False,correct,Gaming mouse hardware.,,
t2.1-ai-v1-096,27ce79445fabab4c7f881028,B0773CS51L,CHENBO 10 xSilicone Thumb Stick Grips Caps Cute Cat Paw,For Switch it is very easy to apply.,[],[],True,False,correct,Controller grip accessory.,,
t2.1-ai-v1-097,3955ac1f397c232bfd55f5b0,B0721GGGS9,Super NES Classic,Amazing.,[],[],False,True,uncertain,"Khen chung, không rõ aspect.",,
t2.1-ai-v1-098,3cf9e9ee61639a6c44b5683b,B000WMEEBC,Sid Meier's Civilization Revolution - Playstation 3,no continuous play and the map was larger =( if that was changed it would be so good,[],"[{""aspect"": ""content_replay"", ""polarity"": ""negative"", ""start"": 19, ""end"": 37, ""evidence"": ""no continuous play""}, {""aspect"": ""content_replay"", ""polarity"": ""neutral"", ""start"": 46, ""end"": 60, ""evidence"": ""map was larger""}]",False,True,correct,Nội dung/khả năng chơi liên tục; câu bị lỗi ngữ pháp nên cần adjudication.,,
t2.1-ai-v1-099,3cfcc280c0b8bb59e76fe990,B000038ABQ,Road Rash,I'm glad I did.,[],[],False,True,uncertain,"Glad chung, không có claim aspect.",,
t2.1-ai-v1-100,4549458bf81880a6b8492774,B00BFOEY4I,Logitech 981-000541 G230 Stereo Gaming Headset with Mic,not even used for 6 months and this headset is already broken and useless.,"[{""aspect"": ""multiplayer"", ""polarity"": ""negative"", ""start"": 100, ""end"": 174, ""evidence"": ""not even used for 6 months and this headset is already broken and useless.""}]",[],True,False,correct,Headset hardware.,,
