unit_id,review_id,item_id,timestamp,text,labels_json,out_of_scope,needs_adjudication,review_reasons,presence_probability_json,confidence_json,human_labels_json,human_note
t2.1-ai-v1-001,01c523961b252931e09c3ff4,B00HVBPRUO,1398203348000,"Good sound quality - the virtual surround sound work especially well - and no setup required, just plug the receiver in and go.",[],False,True,low_confidence:needs_adjudication,"{""gameplay"": 0.0398, ""story"": 0.0368, ""graphics"": 0.1064, ""performance"": 0.0508, ""controls"": 0.0811, ""multiplayer"": 0.0913, ""content_replay"": 0.0946, ""value"": 0.1934}","{""has_gameplay"": 0.9602, ""has_story"": 0.9632, ""has_graphics"": 0.8936, ""has_performance"": 0.9492, ""has_controls"": 0.9189, ""has_multiplayer"": 0.9087, ""has_content_replay"": 0.9054, ""has_value"": 0.8066, ""out_of_scope"": 0.9997, ""needs_adjudication"": 0.6389}",,
t2.1-ai-v1-002,033b7e114e9f6df977a6a922,B0044R8X9U,1350511470000,"Ace combat 6 was one of my favorite games early in the life of the 360, so when new ace combat game was coming I was excited.",[],False,True,low_confidence:has_value,"{""gameplay"": 0.1123, ""story"": 0.0885, ""graphics"": 0.0935, ""performance"": 0.1107, ""controls"": 0.0557, ""multiplayer"": 0.1145, ""content_replay"": 0.0935, ""value"": 0.3495}","{""has_gameplay"": 0.8877, ""has_story"": 0.9115, ""has_graphics"": 0.9065, ""has_performance"": 0.8893, ""has_controls"": 0.9443, ""has_multiplayer"": 0.8855, ""has_content_replay"": 0.9065, ""has_value"": 0.6505, ""out_of_scope"": 1.0, ""needs_adjudication"": 0.8484}",,
t2.1-ai-v1-003,047e7f9ab550f7ad7e5a40e8,B008U2XH0U,1427982890000,Used by 6 kids ages 8 and under for over a month now and no issues!,[],False,False,,"{""gameplay"": 0.0431, ""story"": 0.0611, ""graphics"": 0.0472, ""performance"": 0.0915, ""controls"": 0.0368, ""multiplayer"": 0.0746, ""content_replay"": 0.0382, ""value"": 0.143}","{""has_gameplay"": 0.9569, ""has_story"": 0.9389, ""has_graphics"": 0.9528, ""has_performance"": 0.9085, ""has_controls"": 0.9632, ""has_multiplayer"": 0.9254, ""has_content_replay"": 0.9618, ""has_value"": 0.857, ""out_of_scope"": 0.9952, ""needs_adjudication"": 0.8505}",,
t2.1-ai-v1-004,07b1f566a0f05737b70d08ae,B000YOCGUO,1434828185000,"Great fast shipping, System is working perfectly the only reason i gave a 4 star is because the controller's joystick is a little loose other than that great buy..",[],False,False,,"{""gameplay"": 0.123, ""story"": 0.0898, ""graphics"": 0.1163, ""performance"": 0.1358, ""controls"": 0.114, ""multiplayer"": 0.1156, ""content_replay"": 0.0851, ""value"": 0.2912}","{""has_gameplay"": 0.877, ""has_story"": 0.9102, ""has_graphics"": 0.8837, ""has_performance"": 0.8642, ""has_controls"": 0.886, ""has_multiplayer"": 0.8844, ""has_content_replay"": 0.9149, ""has_value"": 0.7088, ""out_of_scope"": 0.8803, ""needs_adjudication"": 0.912}",,
t2.1-ai-v1-005,09a46221c54f94ea55544e5e,B0063IVH1O,1369711180000,the plastic cover on the part that goes into the tablet comes off every time I try to pull it out.,[],False,True,low_confidence:out_of_scope,"{""gameplay"": 0.1407, ""story"": 0.2459, ""graphics"": 0.092, ""performance"": 0.1509, ""controls"": 0.069, ""multiplayer"": 0.0707, ""content_replay"": 0.0363, ""value"": 0.2}","{""has_gameplay"": 0.8593, ""has_story"": 0.7541, ""has_graphics"": 0.908, ""has_performance"": 0.8491, ""has_controls"": 0.931, ""has_multiplayer"": 0.9293, ""has_content_replay"": 0.9637, ""has_value"": 0.8, ""out_of_scope"": 0.6904, ""needs_adjudication"": 0.9607}",,
t2.1-ai-v1-006,0c1c5df21646499c9492dde0,B0055VHUAM,1379556098000,The PC download of the Sims 3 Pets game took forever to install.,[],False,False,,"{""gameplay"": 0.1793, ""story"": 0.1288, ""graphics"": 0.0846, ""performance"": 0.1547, ""controls"": 0.0953, ""multiplayer"": 0.1019, ""content_replay"": 0.1313, ""value"": 0.2126}","{""has_gameplay"": 0.8207, ""has_story"": 0.8712, ""has_graphics"": 0.9154, ""has_performance"": 0.8453, ""has_controls"": 0.9047, ""has_multiplayer"": 0.8981, ""has_content_replay"": 0.8687, ""has_value"": 0.7874, ""out_of_scope"": 0.9093, ""needs_adjudication"": 0.9263}",,
t2.1-ai-v1-007,0d395ff21aea34491d4baca5,B07L7QDB7K,1401940317000,"i decided to get another keyboard because my old mechanical Dell keyboard was getting annoying it worked great up until i cleaned it out the shift key started to hang up had to put effort into most of the keys before they would register, so i went with PERIXX PX-1100 most of the time i like to play games in the dark so after i noticed PX-1100 had keys that lit up i figured this was perfect the keys feel mechanical",[],False,True,low_confidence:has_gameplay;low_confidence:has_graphics;low_confidence:has_controls;low_confidence:has_multiplayer;low_confidence:has_content_replay;low_confidence:has_value,"{""gameplay"": 0.3324, ""story"": 0.1769, ""graphics"": 0.6638, ""performance"": 0.2615, ""controls"": 0.6054, ""multiplayer"": 0.5967, ""content_replay"": 0.6776, ""value"": 0.5185}","{""has_gameplay"": 0.6676, ""has_story"": 0.8231, ""has_graphics"": 0.6638, ""has_performance"": 0.7385, ""has_controls"": 0.6054, ""has_multiplayer"": 0.5967, ""has_content_replay"": 0.6776, ""has_value"": 0.5185, ""out_of_scope"": 0.9177, ""needs_adjudication"": 0.8303}",,
t2.1-ai-v1-008,0ebb065343adbe0f418e6e07,B002JTX78M,1323646577000,Is a great game,[],False,True,low_confidence:has_value;low_confidence:needs_adjudication,"{""gameplay"": 0.1364, ""story"": 0.1322, ""graphics"": 0.1765, ""performance"": 0.094, ""controls"": 0.0992, ""multiplayer"": 0.1193, ""content_replay"": 0.1159, ""value"": 0.3724}","{""has_gameplay"": 0.8636, ""has_story"": 0.8678, ""has_graphics"": 0.8235, ""has_performance"": 0.906, ""has_controls"": 0.9008, ""has_multiplayer"": 0.8807, ""has_content_replay"": 0.8841, ""has_value"": 0.6276, ""out_of_scope"": 0.9999, ""needs_adjudication"": 0.6371}",,
t2.1-ai-v1-009,10f68fe3805699528ff08dca,B000FSEV2U,1360197801000,One of my favourite childhood games of the 90s with Roller Coaster Tycoon!,[],False,True,low_confidence:has_value,"{""gameplay"": 0.1065, ""story"": 0.2381, ""graphics"": 0.093, ""performance"": 0.0886, ""controls"": 0.0781, ""multiplayer"": 0.1288, ""content_replay"": 0.106, ""value"": 0.446}","{""has_gameplay"": 0.8935, ""has_story"": 0.7619, ""has_graphics"": 0.907, ""has_performance"": 0.9114, ""has_controls"": 0.9219, ""has_multiplayer"": 0.8712, ""has_content_replay"": 0.894, ""has_value"": 0.554, ""out_of_scope"": 0.9686, ""needs_adjudication"": 0.8482}",,
t2.1-ai-v1-010,1427c3fa85caf01bff6d594c,B004ASNIRU,1400071565000,the game was enjoyable,[],False,True,low_confidence:has_value;low_confidence:needs_adjudication,"{""gameplay"": 0.1617, ""story"": 0.1461, ""graphics"": 0.1546, ""performance"": 0.0863, ""controls"": 0.0785, ""multiplayer"": 0.1009, ""content_replay"": 0.1088, ""value"": 0.3207}","{""has_gameplay"": 0.8383, ""has_story"": 0.8539, ""has_graphics"": 0.8454, ""has_performance"": 0.9137, ""has_controls"": 0.9215, ""has_multiplayer"": 0.8991, ""has_content_replay"": 0.8912, ""has_value"": 0.6793, ""out_of_scope"": 0.9999, ""needs_adjudication"": 0.546}",,
t2.1-ai-v1-011,173c2978fd2fac25829ec628,B00IAVDQCK,1428286669000,It's a good headset...when the Xbox One console detects it.,[],False,True,low_confidence:has_value;low_confidence:out_of_scope;low_confidence:needs_adjudication,"{""gameplay"": 0.1264, ""story"": 0.1246, ""graphics"": 0.1645, ""performance"": 0.1283, ""controls"": 0.1211, ""multiplayer"": 0.1233, ""content_replay"": 0.1128, ""value"": 0.3533}","{""has_gameplay"": 0.8736, ""has_story"": 0.8754, ""has_graphics"": 0.8355, ""has_performance"": 0.8717, ""has_controls"": 0.8789, ""has_multiplayer"": 0.8767, ""has_content_replay"": 0.8872, ""has_value"": 0.6467, ""out_of_scope"": 0.5583, ""needs_adjudication"": 0.5851}",,
t2.1-ai-v1-012,1776e34651ee1de8eaba25bf,B002P69VAC,1533051794898,OK,[],False,False,,"{""gameplay"": 0.1443, ""story"": 0.1282, ""graphics"": 0.1115, ""performance"": 0.174, ""controls"": 0.105, ""multiplayer"": 0.1122, ""content_replay"": 0.1424, ""value"": 0.1914}","{""has_gameplay"": 0.8557, ""has_story"": 0.8718, ""has_graphics"": 0.8885, ""has_performance"": 0.826, ""has_controls"": 0.895, ""has_multiplayer"": 0.8878, ""has_content_replay"": 0.8576, ""has_value"": 0.8086, ""out_of_scope"": 0.883, ""needs_adjudication"": 0.8278}",,
t2.1-ai-v1-013,19f9d318e61fb76c1d37c3f1,B007W5P8TE,1341346165000,This is a game that had a TON of potential,[],False,True,low_confidence:has_graphics;low_confidence:has_value,"{""gameplay"": 0.1728, ""story"": 0.2011, ""graphics"": 0.3471, ""performance"": 0.1144, ""controls"": 0.1447, ""multiplayer"": 0.1961, ""content_replay"": 0.2168, ""value"": 0.3204}","{""has_gameplay"": 0.8272, ""has_story"": 0.7989, ""has_graphics"": 0.6529, ""has_performance"": 0.8856, ""has_controls"": 0.8553, ""has_multiplayer"": 0.8039, ""has_content_replay"": 0.7832, ""has_value"": 0.6796, ""out_of_scope"": 0.9997, ""needs_adjudication"": 0.8248}",,
t2.1-ai-v1-014,1c0e5daf7e9fa7bd05d2baa4,B07MQ6DTLG,1456642379000,My 8yr old son loved the game.,[],False,False,,"{""gameplay"": 0.0918, ""story"": 0.1148, ""graphics"": 0.1411, ""performance"": 0.0814, ""controls"": 0.088, ""multiplayer"": 0.0834, ""content_replay"": 0.0803, ""value"": 0.2843}","{""has_gameplay"": 0.9082, ""has_story"": 0.8852, ""has_graphics"": 0.8589, ""has_performance"": 0.9186, ""has_controls"": 0.912, ""has_multiplayer"": 0.9166, ""has_content_replay"": 0.9197, ""has_value"": 0.7157, ""out_of_scope"": 0.9998, ""needs_adjudication"": 0.8905}",,
t2.1-ai-v1-015,1c644519b24fb5f4a9c2f5c7,B082KPGL1V,1613313938291,"Sturdy well made case, protects your Switch during travel.",[],True,False,,"{""gameplay"": 0.0403, ""story"": 0.063, ""graphics"": 0.0427, ""performance"": 0.0315, ""controls"": 0.0667, ""multiplayer"": 0.0733, ""content_replay"": 0.0208, ""value"": 0.1088}","{""has_gameplay"": 0.9597, ""has_story"": 0.937, ""has_graphics"": 0.9573, ""has_performance"": 0.9685, ""has_controls"": 0.9333, ""has_multiplayer"": 0.9267, ""has_content_replay"": 0.9792, ""has_value"": 0.8912, ""out_of_scope"": 0.8355, ""needs_adjudication"": 0.8971}",,
t2.1-ai-v1-016,1fe8f9da07481a4eb16e1ec4,B002BWOW54,1439065115000,Grandsons 7 and 9 love this game.,[],False,False,,"{""gameplay"": 0.0493, ""story"": 0.0743, ""graphics"": 0.0788, ""performance"": 0.0355, ""controls"": 0.0248, ""multiplayer"": 0.0385, ""content_replay"": 0.0682, ""value"": 0.169}","{""has_gameplay"": 0.9507, ""has_story"": 0.9257, ""has_graphics"": 0.9212, ""has_performance"": 0.9645, ""has_controls"": 0.9752, ""has_multiplayer"": 0.9615, ""has_content_replay"": 0.9318, ""has_value"": 0.831, ""out_of_scope"": 0.9999, ""needs_adjudication"": 0.9229}",,
t2.1-ai-v1-017,2408aea4db5621e4b48a6dbf,B003Z0BRDQ,1326375577000,"First let me say, I am a software engineer and I install software all the time.",[],False,True,low_confidence:needs_adjudication,"{""gameplay"": 0.103, ""story"": 0.1125, ""graphics"": 0.1092, ""performance"": 0.13, ""controls"": 0.089, ""multiplayer"": 0.1192, ""content_replay"": 0.1231, ""value"": 0.1756}","{""has_gameplay"": 0.897, ""has_story"": 0.8875, ""has_graphics"": 0.8908, ""has_performance"": 0.87, ""has_controls"": 0.911, ""has_multiplayer"": 0.8808, ""has_content_replay"": 0.8769, ""has_value"": 0.8244, ""out_of_scope"": 0.9068, ""needs_adjudication"": 0.5513}",,
t2.1-ai-v1-018,25561b4ea09b4b9786a9f190,B01KHFB2AY,1484508346000,"The weight, shape, and sensor are fine.",[],False,False,,"{""gameplay"": 0.072, ""story"": 0.0423, ""graphics"": 0.0908, ""performance"": 0.0878, ""controls"": 0.0827, ""multiplayer"": 0.0279, ""content_replay"": 0.0639, ""value"": 0.1235}","{""has_gameplay"": 0.928, ""has_story"": 0.9577, ""has_graphics"": 0.9092, ""has_performance"": 0.9122, ""has_controls"": 0.9173, ""has_multiplayer"": 0.9721, ""has_content_replay"": 0.9361, ""has_value"": 0.8765, ""out_of_scope"": 0.9166, ""needs_adjudication"": 0.9144}",,
t2.1-ai-v1-019,27ce79445fabab4c7f881028,B0773CS51L,1562118549547,I got this for both of my Switch and PS4 controllers.,[],True,False,,"{""gameplay"": 0.0771, ""story"": 0.0694, ""graphics"": 0.0442, ""performance"": 0.0935, ""controls"": 0.0231, ""multiplayer"": 0.0887, ""content_replay"": 0.0661, ""value"": 0.0557}","{""has_gameplay"": 0.9229, ""has_story"": 0.9306, ""has_graphics"": 0.9558, ""has_performance"": 0.9065, ""has_controls"": 0.9769, ""has_multiplayer"": 0.9113, ""has_content_replay"": 0.9339, ""has_value"": 0.9443, ""out_of_scope"": 0.8775, ""needs_adjudication"": 0.9401}",,
t2.1-ai-v1-020,3955ac1f397c232bfd55f5b0,B0721GGGS9,1527744557152,&#60;3 - My childhood.,[],False,False,,"{""gameplay"": 0.0454, ""story"": 0.2914, ""graphics"": 0.0613, ""performance"": 0.0939, ""controls"": 0.0456, ""multiplayer"": 0.047, ""content_replay"": 0.1, ""value"": 0.1358}","{""has_gameplay"": 0.9546, ""has_story"": 0.7086, ""has_graphics"": 0.9387, ""has_performance"": 0.9061, ""has_controls"": 0.9544, ""has_multiplayer"": 0.953, ""has_content_replay"": 0.9, ""has_value"": 0.8642, ""out_of_scope"": 0.9948, ""needs_adjudication"": 0.8521}",,
t2.1-ai-v1-021,3cf9e9ee61639a6c44b5683b,B000WMEEBC,1408133104000,Love this game,[],False,False,,"{""gameplay"": 0.0758, ""story"": 0.0841, ""graphics"": 0.0804, ""performance"": 0.0504, ""controls"": 0.0289, ""multiplayer"": 0.0816, ""content_replay"": 0.0745, ""value"": 0.1928}","{""has_gameplay"": 0.9242, ""has_story"": 0.9159, ""has_graphics"": 0.9196, ""has_performance"": 0.9496, ""has_controls"": 0.9711, ""has_multiplayer"": 0.9184, ""has_content_replay"": 0.9255, ""has_value"": 0.8072, ""out_of_scope"": 1.0, ""needs_adjudication"": 0.9081}",,
t2.1-ai-v1-022,3cfcc280c0b8bb59e76fe990,B000038ABQ,1447275276000,"I never had this game as a kid,and just heard of it recently",[],False,False,,"{""gameplay"": 0.0765, ""story"": 0.084, ""graphics"": 0.0647, ""performance"": 0.0884, ""controls"": 0.043, ""multiplayer"": 0.0877, ""content_replay"": 0.0666, ""value"": 0.0965}","{""has_gameplay"": 0.9235, ""has_story"": 0.916, ""has_graphics"": 0.9353, ""has_performance"": 0.9116, ""has_controls"": 0.957, ""has_multiplayer"": 0.9123, ""has_content_replay"": 0.9334, ""has_value"": 0.9035, ""out_of_scope"": 0.9954, ""needs_adjudication"": 0.9359}",,
t2.1-ai-v1-023,4549458bf81880a6b8492774,B00BFOEY4I,1424052594000,"Purchased item Oct. 21, 2014, sitting here now and now (Feb 15, 2015) the left side has broken off.",[],False,False,,"{""gameplay"": 0.0183, ""story"": 0.0223, ""graphics"": 0.0391, ""performance"": 0.0965, ""controls"": 0.0175, ""multiplayer"": 0.0002, ""content_replay"": 0.0002, ""value"": 0.058}","{""has_gameplay"": 0.9817, ""has_story"": 0.9777, ""has_graphics"": 0.9609, ""has_performance"": 0.9035, ""has_controls"": 0.9825, ""has_multiplayer"": 0.9998, ""has_content_replay"": 0.9998, ""has_value"": 0.942, ""out_of_scope"": 0.7828, ""needs_adjudication"": 0.9724}",,
t2.1-ai-v1-024,47071fc24b3e45c6ed2dd748,B000V8G1CC,1363958998000,"I bought these along with controllers, and thought I was getting a quality product",[],False,True,low_confidence:out_of_scope,"{""gameplay"": 0.0799, ""story"": 0.081, ""graphics"": 0.1624, ""performance"": 0.1469, ""controls"": 0.0794, ""multiplayer"": 0.0842, ""content_replay"": 0.0818, ""value"": 0.2008}","{""has_gameplay"": 0.9201, ""has_story"": 0.919, ""has_graphics"": 0.8376, ""has_performance"": 0.8531, ""has_controls"": 0.9206, ""has_multiplayer"": 0.9158, ""has_content_replay"": 0.9182, ""has_value"": 0.7992, ""out_of_scope"": 0.6701, ""needs_adjudication"": 0.9306}",,
t2.1-ai-v1-025,4aca3897cd30f8488fec7907,B07NLL17W7,1556476308949,Good,[],False,True,low_confidence:has_value,"{""gameplay"": 0.1291, ""story"": 0.1063, ""graphics"": 0.1243, ""performance"": 0.1423, ""controls"": 0.1093, ""multiplayer"": 0.1033, ""content_replay"": 0.1385, ""value"": 0.3461}","{""has_gameplay"": 0.8709, ""has_story"": 0.8937, ""has_graphics"": 0.8757, ""has_performance"": 0.8577, ""has_controls"": 0.8907, ""has_multiplayer"": 0.8967, ""has_content_replay"": 0.8615, ""has_value"": 0.6539, ""out_of_scope"": 0.8863, ""needs_adjudication"": 0.8461}",,
t2.1-ai-v1-026,4c87c64dd861d020631aeacc,B001EYUNWQ,1320792518000,We bought this to find out it does not run under OSX Lion.,[],False,False,,"{""gameplay"": 0.0518, ""story"": 0.0622, ""graphics"": 0.0277, ""performance"": 0.1326, ""controls"": 0.059, ""multiplayer"": 0.0824, ""content_replay"": 0.0317, ""value"": 0.0816}","{""has_gameplay"": 0.9482, ""has_story"": 0.9378, ""has_graphics"": 0.9723, ""has_performance"": 0.8674, ""has_controls"": 0.941, ""has_multiplayer"": 0.9176, ""has_content_replay"": 0.9683, ""has_value"": 0.9184, ""out_of_scope"": 0.9804, ""needs_adjudication"": 0.972}",,
t2.1-ai-v1-027,4caa50543058cf4daf1a5325,B07XTN79W6,1617305598238,Gets dirty real fast fingerprints everywhere,[],False,False,,"{""gameplay"": 0.0865, ""story"": 0.0458, ""graphics"": 0.1038, ""performance"": 0.1409, ""controls"": 0.0699, ""multiplayer"": 0.064, ""content_replay"": 0.1011, ""value"": 0.1363}","{""has_gameplay"": 0.9135, ""has_story"": 0.9542, ""has_graphics"": 0.8962, ""has_performance"": 0.8591, ""has_controls"": 0.9301, ""has_multiplayer"": 0.936, ""has_content_replay"": 0.8989, ""has_value"": 0.8637, ""out_of_scope"": 0.9671, ""needs_adjudication"": 0.8048}",,
t2.1-ai-v1-028,50192e54b5c8106d29937864,B000S6AG9G,1483652373000,Extremely useful for Nintendo products that require this tri star tool!,[],True,True,low_confidence:has_value,"{""gameplay"": 0.1128, ""story"": 0.0901, ""graphics"": 0.1316, ""performance"": 0.1741, ""controls"": 0.1374, ""multiplayer"": 0.1338, ""content_replay"": 0.1218, ""value"": 0.4171}","{""has_gameplay"": 0.8872, ""has_story"": 0.9099, ""has_graphics"": 0.8684, ""has_performance"": 0.8259, ""has_controls"": 0.8626, ""has_multiplayer"": 0.8662, ""has_content_replay"": 0.8782, ""has_value"": 0.5829, ""out_of_scope"": 0.7114, ""needs_adjudication"": 0.8302}",,
t2.1-ai-v1-029,50354bf4975894ed82349947,B00CF7KVMI,1388144142000,This gets 5 cuz it's awesome overall.,[],False,False,,"{""gameplay"": 0.0417, ""story"": 0.0835, ""graphics"": 0.0691, ""performance"": 0.0299, ""controls"": 0.022, ""multiplayer"": 0.0203, ""content_replay"": 0.0357, ""value"": 0.1498}","{""has_gameplay"": 0.9583, ""has_story"": 0.9165, ""has_graphics"": 0.9309, ""has_performance"": 0.9701, ""has_controls"": 0.978, ""has_multiplayer"": 0.9797, ""has_content_replay"": 0.9643, ""has_value"": 0.8502, ""out_of_scope"": 0.9717, ""needs_adjudication"": 0.8433}",,
t2.1-ai-v1-030,516e4998c8f57a808c60cfbc,B000X8C3YU,1412782040000,did not work,[],False,False,,"{""gameplay"": 0.0908, ""story"": 0.0676, ""graphics"": 0.0816, ""performance"": 0.1789, ""controls"": 0.095, ""multiplayer"": 0.0401, ""content_replay"": 0.0723, ""value"": 0.1224}","{""has_gameplay"": 0.9092, ""has_story"": 0.9324, ""has_graphics"": 0.9184, ""has_performance"": 0.8211, ""has_controls"": 0.905, ""has_multiplayer"": 0.9599, ""has_content_replay"": 0.9277, ""has_value"": 0.8776, ""out_of_scope"": 0.9526, ""needs_adjudication"": 0.9111}",,
t2.1-ai-v1-031,5a18b24ec25e91fb578a0c20,B07YBWT3PK,1457975330000,False codes DO NOT BUY,[],False,False,,"{""gameplay"": 0.076, ""story"": 0.0831, ""graphics"": 0.0846, ""performance"": 0.1415, ""controls"": 0.0839, ""multiplayer"": 0.0975, ""content_replay"": 0.0747, ""value"": 0.1434}","{""has_gameplay"": 0.924, ""has_story"": 0.9169, ""has_graphics"": 0.9154, ""has_performance"": 0.8585, ""has_controls"": 0.9161, ""has_multiplayer"": 0.9025, ""has_content_replay"": 0.9253, ""has_value"": 0.8566, ""out_of_scope"": 0.8497, ""needs_adjudication"": 0.9797}",,
t2.1-ai-v1-032,5b5022fb7089df9c11407f0e,B0000E5U6M,1462984986000,Does what I needed!,[],False,False,,"{""gameplay"": 0.0573, ""story"": 0.0645, ""graphics"": 0.0591, ""performance"": 0.0629, ""controls"": 0.0922, ""multiplayer"": 0.0691, ""content_replay"": 0.0576, ""value"": 0.1623}","{""has_gameplay"": 0.9427, ""has_story"": 0.9355, ""has_graphics"": 0.9409, ""has_performance"": 0.9371, ""has_controls"": 0.9078, ""has_multiplayer"": 0.9309, ""has_content_replay"": 0.9424, ""has_value"": 0.8377, ""out_of_scope"": 0.9168, ""needs_adjudication"": 0.9143}",,
t2.1-ai-v1-033,5e396b38052f569772a22c9b,B00WL7IK7A,1445993254000,Great Heroes game!,[],False,True,low_confidence:has_value,"{""gameplay"": 0.1108, ""story"": 0.1249, ""graphics"": 0.1385, ""performance"": 0.1229, ""controls"": 0.078, ""multiplayer"": 0.1058, ""content_replay"": 0.1132, ""value"": 0.6017}","{""has_gameplay"": 0.8892, ""has_story"": 0.8751, ""has_graphics"": 0.8615, ""has_performance"": 0.8771, ""has_controls"": 0.922, ""has_multiplayer"": 0.8942, ""has_content_replay"": 0.8868, ""has_value"": 0.6017, ""out_of_scope"": 0.9682, ""needs_adjudication"": 0.7368}",,
t2.1-ai-v1-034,6e944e206bc0b14fc00c74b0,B00029QR7O,1372177594000,"Considering it shipped in a week from across the pond,  was impressed.",[],False,True,low_confidence:out_of_scope,"{""gameplay"": 0.1004, ""story"": 0.1164, ""graphics"": 0.2172, ""performance"": 0.0456, ""controls"": 0.0794, ""multiplayer"": 0.0805, ""content_replay"": 0.0879, ""value"": 0.2349}","{""has_gameplay"": 0.8996, ""has_story"": 0.8836, ""has_graphics"": 0.7828, ""has_performance"": 0.9544, ""has_controls"": 0.9206, ""has_multiplayer"": 0.9195, ""has_content_replay"": 0.9121, ""has_value"": 0.7651, ""out_of_scope"": 0.523, ""needs_adjudication"": 0.9293}",,
t2.1-ai-v1-035,71115fdcb1bbbeffb6b18a11,B00ZP9XO9U,1467010849000,I've been a huge Mega Man fan since I was a kid renting Mega Man 3 from a local video store.,[],False,False,,"{""gameplay"": 0.0571, ""story"": 0.1223, ""graphics"": 0.0807, ""performance"": 0.088, ""controls"": 0.0004, ""multiplayer"": 0.0763, ""content_replay"": 0.0681, ""value"": 0.1794}","{""has_gameplay"": 0.9429, ""has_story"": 0.8777, ""has_graphics"": 0.9193, ""has_performance"": 0.912, ""has_controls"": 0.9996, ""has_multiplayer"": 0.9237, ""has_content_replay"": 0.9319, ""has_value"": 0.8206, ""out_of_scope"": 0.9714, ""needs_adjudication"": 0.8571}",,
t2.1-ai-v1-036,7ac4b42dcb49b151bd3dddf3,B000059P7G,1382551023000,I'm no spring chicken,[],False,False,,"{""gameplay"": 0.0817, ""story"": 0.0794, ""graphics"": 0.0802, ""performance"": 0.1117, ""controls"": 0.0644, ""multiplayer"": 0.0804, ""content_replay"": 0.0732, ""value"": 0.1237}","{""has_gameplay"": 0.9183, ""has_story"": 0.9206, ""has_graphics"": 0.9198, ""has_performance"": 0.8883, ""has_controls"": 0.9356, ""has_multiplayer"": 0.9196, ""has_content_replay"": 0.9268, ""has_value"": 0.8763, ""out_of_scope"": 0.9731, ""needs_adjudication"": 0.9128}",,
t2.1-ai-v1-037,7dd1c193bf1d04c10c78abb2,B00KO4ULZ6,1429586472000,Very fun lots of levels.,[],False,True,low_confidence:has_value;low_confidence:needs_adjudication,"{""gameplay"": 0.2079, ""story"": 0.221, ""graphics"": 0.1207, ""performance"": 0.0785, ""controls"": 0.0926, ""multiplayer"": 0.1212, ""content_replay"": 0.1941, ""value"": 0.4616}","{""has_gameplay"": 0.7921, ""has_story"": 0.779, ""has_graphics"": 0.8793, ""has_performance"": 0.9215, ""has_controls"": 0.9074, ""has_multiplayer"": 0.8788, ""has_content_replay"": 0.8059, ""has_value"": 0.5384, ""out_of_scope"": 1.0, ""needs_adjudication"": 0.5878}",,
t2.1-ai-v1-038,7f929fdf9f4e1f7a43f5b701,B00118T6G4,1210036159000,"I've been really, really trying to look past the bugs in this game",[],False,False,,"{""gameplay"": 0.1299, ""story"": 0.1036, ""graphics"": 0.0876, ""performance"": 0.7636, ""controls"": 0.0683, ""multiplayer"": 0.0324, ""content_replay"": 0.0821, ""value"": 0.1963}","{""has_gameplay"": 0.8701, ""has_story"": 0.8964, ""has_graphics"": 0.9124, ""has_performance"": 0.7636, ""has_controls"": 0.9317, ""has_multiplayer"": 0.9676, ""has_content_replay"": 0.9179, ""has_value"": 0.8037, ""out_of_scope"": 1.0, ""needs_adjudication"": 0.7727}",,
t2.1-ai-v1-039,7fc3bfc1acf963b88647458f,B00GIK3YAO,1417390167000,Being able to charge your phone on the go,[],True,True,low_confidence:has_gameplay;low_confidence:has_story;low_confidence:has_graphics;low_confidence:has_controls;low_confidence:has_multiplayer;low_confidence:has_value,"{""gameplay"": 0.5369, ""story"": 0.6939, ""graphics"": 0.6576, ""performance"": 0.1054, ""controls"": 0.5015, ""multiplayer"": 0.432, ""content_replay"": 0.8026, ""value"": 0.6778}","{""has_gameplay"": 0.5369, ""has_story"": 0.6939, ""has_graphics"": 0.6576, ""has_performance"": 0.8946, ""has_controls"": 0.5015, ""has_multiplayer"": 0.568, ""has_content_replay"": 0.8026, ""has_value"": 0.6778, ""out_of_scope"": 0.8024, ""needs_adjudication"": 0.9084}",,
t2.1-ai-v1-040,80c6d70f04b8c46a19c32d59,B07Y52Q8CS,1601613351400,I've tried using the included audio splitter and one from my old V-MODA BoomPro.,[],False,False,,"{""gameplay"": 0.0899, ""story"": 0.0655, ""graphics"": 0.0753, ""performance"": 0.0926, ""controls"": 0.0855, ""multiplayer"": 0.0598, ""content_replay"": 0.0765, ""value"": 0.1207}","{""has_gameplay"": 0.9101, ""has_story"": 0.9345, ""has_graphics"": 0.9247, ""has_performance"": 0.9074, ""has_controls"": 0.9145, ""has_multiplayer"": 0.9402, ""has_content_replay"": 0.9235, ""has_value"": 0.8793, ""out_of_scope"": 0.8231, ""needs_adjudication"": 0.9326}",,
t2.1-ai-v1-041,82414b419fd283124da22adb,B00E1L78N6,1394601969000,"These headphones are comfortable, and the sound quality is fine.",[],True,True,low_confidence:has_gameplay;low_confidence:has_performance;low_confidence:has_controls;low_confidence:has_multiplayer;low_confidence:has_value,"{""gameplay"": 0.5607, ""story"": 0.2606, ""graphics"": 0.2756, ""performance"": 0.3044, ""controls"": 0.5856, ""multiplayer"": 0.648, ""content_replay"": 0.2345, ""value"": 0.4447}","{""has_gameplay"": 0.5607, ""has_story"": 0.7394, ""has_graphics"": 0.7244, ""has_performance"": 0.6956, ""has_controls"": 0.5856, ""has_multiplayer"": 0.648, ""has_content_replay"": 0.7655, ""has_value"": 0.5553, ""out_of_scope"": 0.8647, ""needs_adjudication"": 0.7997}",,
t2.1-ai-v1-042,845e8169df6f3553faa62c48,B07CV6LH3V,1547300570804,Extremly happy with this purchase.,[],False,False,,"{""gameplay"": 0.0295, ""story"": 0.0339, ""graphics"": 0.029, ""performance"": 0.0073, ""controls"": 0.0234, ""multiplayer"": 0.0356, ""content_replay"": 0.0341, ""value"": 0.0761}","{""has_gameplay"": 0.9705, ""has_story"": 0.9661, ""has_graphics"": 0.971, ""has_performance"": 0.9927, ""has_controls"": 0.9766, ""has_multiplayer"": 0.9644, ""has_content_replay"": 0.9659, ""has_value"": 0.9239, ""out_of_scope"": 0.9231, ""needs_adjudication"": 0.9267}",,
t2.1-ai-v1-043,8b6d4c8cd0675e759dc3249a,B00BU3ZLJQ,1419873296000,"Bought this for my son, he loves it.",[],False,False,,"{""gameplay"": 0.0409, ""story"": 0.0696, ""graphics"": 0.0524, ""performance"": 0.0531, ""controls"": 0.0276, ""multiplayer"": 0.0263, ""content_replay"": 0.0353, ""value"": 0.122}","{""has_gameplay"": 0.9591, ""has_story"": 0.9304, ""has_graphics"": 0.9476, ""has_performance"": 0.9469, ""has_controls"": 0.9724, ""has_multiplayer"": 0.9737, ""has_content_replay"": 0.9647, ""has_value"": 0.878, ""out_of_scope"": 0.8892, ""needs_adjudication"": 0.9633}",,
t2.1-ai-v1-044,8fe4cff789ec86ee7564efec,B07BR3RWBP,1543882185618,Build material is great,[],False,False,,"{""gameplay"": 0.0963, ""story"": 0.066, ""graphics"": 0.231, ""performance"": 0.0774, ""controls"": 0.0794, ""multiplayer"": 0.0891, ""content_replay"": 0.1163, ""value"": 0.2724}","{""has_gameplay"": 0.9037, ""has_story"": 0.934, ""has_graphics"": 0.769, ""has_performance"": 0.9226, ""has_controls"": 0.9206, ""has_multiplayer"": 0.9109, ""has_content_replay"": 0.8837, ""has_value"": 0.7276, ""out_of_scope"": 0.9218, ""needs_adjudication"": 0.9249}",,
t2.1-ai-v1-045,94573b02fb4cab80838ea351,B08HGRRSW5,1614446132381,Doesn’t fit,[],False,False,,"{""gameplay"": 0.153, ""story"": 0.125, ""graphics"": 0.1117, ""performance"": 0.185, ""controls"": 0.111, ""multiplayer"": 0.1136, ""content_replay"": 0.1396, ""value"": 0.1797}","{""has_gameplay"": 0.847, ""has_story"": 0.875, ""has_graphics"": 0.8883, ""has_performance"": 0.815, ""has_controls"": 0.889, ""has_multiplayer"": 0.8864, ""has_content_replay"": 0.8604, ""has_value"": 0.8203, ""out_of_scope"": 0.9133, ""needs_adjudication"": 0.7825}",,
t2.1-ai-v1-046,946ac00c57e849affa25fd27,B00BGA9X9W,1387704619000,"it is not working & freezing most of the times specially when you r playing sport games ,this is not gd",[],False,True,low_confidence:has_graphics;low_confidence:has_controls;low_confidence:has_content_replay,"{""gameplay"": 0.7175, ""story"": 0.8002, ""graphics"": 0.6447, ""performance"": 0.8361, ""controls"": 0.485, ""multiplayer"": 0.7631, ""content_replay"": 0.5495, ""value"": 0.1367}","{""has_gameplay"": 0.7175, ""has_story"": 0.8002, ""has_graphics"": 0.6447, ""has_performance"": 0.8361, ""has_controls"": 0.515, ""has_multiplayer"": 0.7631, ""has_content_replay"": 0.5495, ""has_value"": 0.8633, ""out_of_scope"": 0.9996, ""needs_adjudication"": 0.9435}",,
t2.1-ai-v1-047,94702310f36dc43630f8429a,B098VVRH1T,1606622402926,"So I have a pimax 5k, and upgraded to this 8k.",[],False,True,,"{""gameplay"": 0.098, ""story"": 0.1203, ""graphics"": 0.1034, ""performance"": 0.1087, ""controls"": 0.0844, ""multiplayer"": 0.1069, ""content_replay"": 0.1034, ""value"": 0.1407}","{""has_gameplay"": 0.902, ""has_story"": 0.8797, ""has_graphics"": 0.8966, ""has_performance"": 0.8913, ""has_controls"": 0.9156, ""has_multiplayer"": 0.8931, ""has_content_replay"": 0.8966, ""has_value"": 0.8593, ""out_of_scope"": 0.9904, ""needs_adjudication"": 0.7665}",,
t2.1-ai-v1-048,9658578ab17b82ea1794b43b,B01I7P49QA,1489531863000,Controllers constantly fall of the base and will not charge.,[],False,True,low_confidence:has_controls,"{""gameplay"": 0.1557, ""story"": 0.069, ""graphics"": 0.2908, ""performance"": 0.7237, ""controls"": 0.3568, ""multiplayer"": 0.0517, ""content_replay"": 0.0003, ""value"": 0.0803}","{""has_gameplay"": 0.8443, ""has_story"": 0.931, ""has_graphics"": 0.7092, ""has_performance"": 0.7237, ""has_controls"": 0.6432, ""has_multiplayer"": 0.9483, ""has_content_replay"": 0.9997, ""has_value"": 0.9197, ""out_of_scope"": 0.9713, ""needs_adjudication"": 0.9754}",,
t2.1-ai-v1-049,979aeae5aa4967f071058fd8,B011KQP0K2,1466207729000,I gave this Case 2 stars because it held together when i dropped it.,[],True,False,,"{""gameplay"": 0.1072, ""story"": 0.073, ""graphics"": 0.1322, ""performance"": 0.142, ""controls"": 0.1136, ""multiplayer"": 0.0479, ""content_replay"": 0.082, ""value"": 0.201}","{""has_gameplay"": 0.8928, ""has_story"": 0.927, ""has_graphics"": 0.8678, ""has_performance"": 0.858, ""has_controls"": 0.8864, ""has_multiplayer"": 0.9521, ""has_content_replay"": 0.918, ""has_value"": 0.799, ""out_of_scope"": 0.8118, ""needs_adjudication"": 0.7517}",,
t2.1-ai-v1-050,984af8672ace0832cea2cd30,B07L5FKGQH,1564429738403,I have a low-tolerance for sandbox-style games that gloss over paper-thin plots in the hope that randomly-generated encounters will make for fun gameplay.,[],False,True,low_confidence:has_value,"{""gameplay"": 0.187, ""story"": 0.1865, ""graphics"": 0.1312, ""performance"": 0.1216, ""controls"": 0.0697, ""multiplayer"": 0.0908, ""content_replay"": 0.1516, ""value"": 0.3809}","{""has_gameplay"": 0.813, ""has_story"": 0.8135, ""has_graphics"": 0.8688, ""has_performance"": 0.8784, ""has_controls"": 0.9303, ""has_multiplayer"": 0.9092, ""has_content_replay"": 0.8484, ""has_value"": 0.6191, ""out_of_scope"": 1.0, ""needs_adjudication"": 0.9283}",,
t2.1-ai-v1-051,9a46054dbac8011c03a9aade,B00HTK1NCS,1456198926000,"Looks excellent, especially for the price.",[],False,False,,"{""gameplay"": 0.1057, ""story"": 0.1131, ""graphics"": 0.2965, ""performance"": 0.0796, ""controls"": 0.0706, ""multiplayer"": 0.1149, ""content_replay"": 0.1012, ""value"": 0.1803}","{""has_gameplay"": 0.8943, ""has_story"": 0.8869, ""has_graphics"": 0.7035, ""has_performance"": 0.9204, ""has_controls"": 0.9294, ""has_multiplayer"": 0.8851, ""has_content_replay"": 0.8988, ""has_value"": 0.8197, ""out_of_scope"": 0.9304, ""needs_adjudication"": 0.7475}",,
t2.1-ai-v1-052,9ffa2a4e4ac7818fa70af484,B0009WH7DM,1136730868000,"Stay away from this game, unless you enjoy playing error prone poorly programmed video games.","[{""aspect"": ""controls"", ""polarity"": ""negative"", ""start"": 0, ""end"": 93, ""evidence"": ""Stay away from this game, unless you enjoy playing error prone poorly programmed video games.""}, {""aspect"": ""multiplayer"", ""polarity"": ""negative"", ""start"": 0, ""end"": 93, ""evidence"": ""Stay away from this game, unless you enjoy playing error prone poorly programmed video games.""}]",False,True,low_confidence:has_graphics;low_confidence:has_content_replay,"{""gameplay"": 0.7951, ""story"": 0.8442, ""graphics"": 0.4276, ""performance"": 0.8435, ""controls"": 0.9317, ""multiplayer"": 0.881, ""content_replay"": 0.4092, ""value"": 0.2183}","{""has_gameplay"": 0.7951, ""has_story"": 0.8442, ""has_graphics"": 0.5724, ""has_performance"": 0.8435, ""has_controls"": 0.9317, ""sentiment_controls"": 0.973, ""has_multiplayer"": 0.881, ""sentiment_multiplayer"": 0.9782, ""has_content_replay"": 0.5908, ""has_value"": 0.7817, ""out_of_scope"": 0.9998, ""needs_adjudication"": 0.9685}",,
t2.1-ai-v1-053,a000a342c1c1e383a4542ed0,B01N3ASPNV,1510168996414,Product works great!,[],False,True,low_confidence:has_story,"{""gameplay"": 0.1225, ""story"": 0.5752, ""graphics"": 0.1087, ""performance"": 0.1534, ""controls"": 0.1321, ""multiplayer"": 0.0991, ""content_replay"": 0.0891, ""value"": 0.1806}","{""has_gameplay"": 0.8775, ""has_story"": 0.5752, ""has_graphics"": 0.8913, ""has_performance"": 0.8466, ""has_controls"": 0.8679, ""has_multiplayer"": 0.9009, ""has_content_replay"": 0.9109, ""has_value"": 0.8194, ""out_of_scope"": 0.9236, ""needs_adjudication"": 0.8298}",,
t2.1-ai-v1-054,a04ba8a1619231e52b09edc6,B00YQM1PNY,1564790921571,"As I was opening the package the game came in, I heard something shifting around.",[],False,False,,"{""gameplay"": 0.0755, ""story"": 0.1077, ""graphics"": 0.0711, ""performance"": 0.2401, ""controls"": 0.1244, ""multiplayer"": 0.0785, ""content_replay"": 0.0353, ""value"": 0.1505}","{""has_gameplay"": 0.9245, ""has_story"": 0.8923, ""has_graphics"": 0.9289, ""has_performance"": 0.7599, ""has_controls"": 0.8756, ""has_multiplayer"": 0.9215, ""has_content_replay"": 0.9647, ""has_value"": 0.8495, ""out_of_scope"": 0.8917, ""needs_adjudication"": 0.9481}",,
t2.1-ai-v1-055,ac7ced89d49b162149bce653,B0000512E9,1358100084000,It worked just fine.,[],False,False,,"{""gameplay"": 0.0586, ""story"": 0.0779, ""graphics"": 0.0983, ""performance"": 0.1075, ""controls"": 0.1431, ""multiplayer"": 0.0453, ""content_replay"": 0.0584, ""value"": 0.1397}","{""has_gameplay"": 0.9414, ""has_story"": 0.9221, ""has_graphics"": 0.9017, ""has_performance"": 0.8925, ""has_controls"": 0.8569, ""has_multiplayer"": 0.9547, ""has_content_replay"": 0.9416, ""has_value"": 0.8603, ""out_of_scope"": 0.9718, ""needs_adjudication"": 0.9319}",,
t2.1-ai-v1-056,acc6ad52c2c5c64cfb1027e6,B073BVHY3F,1585668750414,The product is awesome,[],False,False,,"{""gameplay"": 0.0605, ""story"": 0.0849, ""graphics"": 0.0898, ""performance"": 0.0803, ""controls"": 0.0612, ""multiplayer"": 0.0712, ""content_replay"": 0.0453, ""value"": 0.1341}","{""has_gameplay"": 0.9395, ""has_story"": 0.9151, ""has_graphics"": 0.9102, ""has_performance"": 0.9197, ""has_controls"": 0.9388, ""has_multiplayer"": 0.9288, ""has_content_replay"": 0.9547, ""has_value"": 0.8659, ""out_of_scope"": 0.9252, ""needs_adjudication"": 0.9037}",,
t2.1-ai-v1-057,ad77204c3af96e3590bce88f,B07YBXFDYN,1368139360000,It was used when I bought it so I didn't expect anything great.,[],False,False,,"{""gameplay"": 0.0884, ""story"": 0.0915, ""graphics"": 0.1249, ""performance"": 0.0925, ""controls"": 0.035, ""multiplayer"": 0.0467, ""content_replay"": 0.1607, ""value"": 0.148}","{""has_gameplay"": 0.9116, ""has_story"": 0.9085, ""has_graphics"": 0.8751, ""has_performance"": 0.9075, ""has_controls"": 0.965, ""has_multiplayer"": 0.9533, ""has_content_replay"": 0.8393, ""has_value"": 0.852, ""out_of_scope"": 0.9261, ""needs_adjudication"": 0.9148}",,
t2.1-ai-v1-058,adf824b836173e957d754b7f,B008M502H6,1375383758000,"Deadpool has to be one of the most outlandish and immature games ive ever played, and i love it!",[],False,False,,"{""gameplay"": 0.0737, ""story"": 0.0849, ""graphics"": 0.1093, ""performance"": 0.083, ""controls"": 0.0333, ""multiplayer"": 0.0816, ""content_replay"": 0.072, ""value"": 0.2921}","{""has_gameplay"": 0.9263, ""has_story"": 0.9151, ""has_graphics"": 0.8907, ""has_performance"": 0.917, ""has_controls"": 0.9667, ""has_multiplayer"": 0.9184, ""has_content_replay"": 0.928, ""has_value"": 0.7079, ""out_of_scope"": 1.0, ""needs_adjudication"": 0.7727}",,
t2.1-ai-v1-059,af27f2abe8adaf873c03e38e,B07S7HMXYK,1546842214572,Product was great.,[],False,False,,"{""gameplay"": 0.1204, ""story"": 0.1534, ""graphics"": 0.1527, ""performance"": 0.0958, ""controls"": 0.1, ""multiplayer"": 0.1374, ""content_replay"": 0.1291, ""value"": 0.2047}","{""has_gameplay"": 0.8796, ""has_story"": 0.8466, ""has_graphics"": 0.8473, ""has_performance"": 0.9042, ""has_controls"": 0.9, ""has_multiplayer"": 0.8626, ""has_content_replay"": 0.8709, ""has_value"": 0.7953, ""out_of_scope"": 0.9144, ""needs_adjudication"": 0.7677}",,
t2.1-ai-v1-060,b347be06a2e99b2599223fba,B001QT8RGS,1244503373000,Drakensang is a beautifully rendered game.,"[{""aspect"": ""graphics"", ""polarity"": ""positive"", ""start"": 35, ""end"": 77, ""evidence"": ""Drakensang is a beautifully rendered game.""}]",False,True,low_confidence:has_value,"{""gameplay"": 0.0635, ""story"": 0.0937, ""graphics"": 0.9107, ""performance"": 0.0448, ""controls"": 0.0456, ""multiplayer"": 0.0683, ""content_replay"": 0.1005, ""value"": 0.4386}","{""has_gameplay"": 0.9365, ""has_story"": 0.9063, ""has_graphics"": 0.9107, ""sentiment_graphics"": 0.8764, ""has_performance"": 0.9552, ""has_controls"": 0.9544, ""has_multiplayer"": 0.9317, ""has_content_replay"": 0.8995, ""has_value"": 0.5614, ""out_of_scope"": 1.0, ""needs_adjudication"": 0.8114}",,
t2.1-ai-v1-061,b3dce20c738a3b9e1086d888,B001ELJPX2,1325896270000,This game had the potential to be really fun...,[],False,True,low_confidence:has_value;low_confidence:needs_adjudication,"{""gameplay"": 0.1247, ""story"": 0.169, ""graphics"": 0.2085, ""performance"": 0.0719, ""controls"": 0.1197, ""multiplayer"": 0.141, ""content_replay"": 0.1653, ""value"": 0.6428}","{""has_gameplay"": 0.8753, ""has_story"": 0.831, ""has_graphics"": 0.7915, ""has_performance"": 0.9281, ""has_controls"": 0.8803, ""has_multiplayer"": 0.859, ""has_content_replay"": 0.8347, ""has_value"": 0.6428, ""out_of_scope"": 1.0, ""needs_adjudication"": 0.5454}",,
t2.1-ai-v1-062,bb350ace236faecd49cc6606,B0836T7T7D,1597732239689,"Because Nintendo switch does not have Bluetooth, to be able to use chat, you have to have 1 of these transmitters.","[{""aspect"": ""gameplay"", ""polarity"": ""neutral"", ""start"": 0, ""end"": 114, ""evidence"": ""Because Nintendo switch does not have Bluetooth, to be able to use chat, you have to have 1 of these transmitters.""}, {""aspect"": ""story"", ""polarity"": ""neutral"", ""start"": 0, ""end"": 114, ""evidence"": ""Because Nintendo switch does not have Bluetooth, to be able to use chat, you have to have 1 of these transmitters.""}, {""aspect"": ""graphics"", ""polarity"": ""neutral"", ""start"": 0, ""end"": 114, ""evidence"": ""Because Nintendo switch does not have Bluetooth, to be able to use chat, you have to have 1 of these transmitters.""}, {""aspect"": ""multiplayer"", ""polarity"": ""neutral"", ""start"": 0, ""end"": 114, ""evidence"": ""Because Nintendo switch does not have Bluetooth, to be able to use chat, you have to have 1 of these transmitters.""}, {""aspect"": ""content_replay"", ""polarity"": ""neutral"", ""start"": 0, ""end"": 114, ""evidence"": ""Because Nintendo switch does not have Bluetooth, to be able to use chat, you have to have 1 of these transmitters.""}, {""aspect"": ""value"", ""polarity"": ""neutral"", ""start"": 0, ""end"": 114, ""evidence"": ""Because Nintendo switch does not have Bluetooth, to be able to use chat, you have to have 1 of these transmitters.""}]",False,True,low_confidence:out_of_scope,"{""gameplay"": 0.9281, ""story"": 0.8584, ""graphics"": 0.9476, ""performance"": 0.159, ""controls"": 0.8448, ""multiplayer"": 0.9456, ""content_replay"": 0.929, ""value"": 0.8834}","{""has_gameplay"": 0.9281, ""sentiment_gameplay"": 0.8275, ""has_story"": 0.8584, ""sentiment_story"": 0.7899, ""has_graphics"": 0.9476, ""sentiment_graphics"": 0.7964, ""has_performance"": 0.841, ""has_controls"": 0.8448, ""has_multiplayer"": 0.9456, ""sentiment_multiplayer"": 0.7612, ""has_content_replay"": 0.929, ""sentiment_content_replay"": 0.8289, ""has_value"": 0.8834, ""sentiment_value"": 0.777, ""out_of_scope"": 0.6172, ""needs_adjudication"": 0.9205}",,
t2.1-ai-v1-063,c13c0f48fb86971f259aeb73,B0006B5LQ6,1360540040000,I received the games,[],False,True,low_confidence:has_value,"{""gameplay"": 0.2265, ""story"": 0.1737, ""graphics"": 0.1906, ""performance"": 0.1132, ""controls"": 0.1307, ""multiplayer"": 0.1551, ""content_replay"": 0.1001, ""value"": 0.3369}","{""has_gameplay"": 0.7735, ""has_story"": 0.8263, ""has_graphics"": 0.8094, ""has_performance"": 0.8868, ""has_controls"": 0.8693, ""has_multiplayer"": 0.8449, ""has_content_replay"": 0.8999, ""has_value"": 0.6631, ""out_of_scope"": 0.9065, ""needs_adjudication"": 0.7662}",,
t2.1-ai-v1-064,c25f59f81cdc8746f0c513d9,B0B2RQXT92,1577738695417,Nice set for the price.,[],False,False,,"{""gameplay"": 0.1398, ""story"": 0.1131, ""graphics"": 0.1787, ""performance"": 0.1034, ""controls"": 0.0825, ""multiplayer"": 0.0959, ""content_replay"": 0.1164, ""value"": 0.2948}","{""has_gameplay"": 0.8602, ""has_story"": 0.8869, ""has_graphics"": 0.8213, ""has_performance"": 0.8966, ""has_controls"": 0.9175, ""has_multiplayer"": 0.9041, ""has_content_replay"": 0.8836, ""has_value"": 0.7052, ""out_of_scope"": 0.8398, ""needs_adjudication"": 0.7145}",,
t2.1-ai-v1-065,c4d889feee42eed9dc314ddd,B00PY6MSTQ,1448281098000,excellent,[],False,False,,"{""gameplay"": 0.1262, ""story"": 0.1203, ""graphics"": 0.1489, ""performance"": 0.1537, ""controls"": 0.1016, ""multiplayer"": 0.1064, ""content_replay"": 0.1306, ""value"": 0.2684}","{""has_gameplay"": 0.8738, ""has_story"": 0.8797, ""has_graphics"": 0.8511, ""has_performance"": 0.8463, ""has_controls"": 0.8984, ""has_multiplayer"": 0.8936, ""has_content_replay"": 0.8694, ""has_value"": 0.7316, ""out_of_scope"": 0.8948, ""needs_adjudication"": 0.8561}",,
t2.1-ai-v1-066,c867188bb09773d0071ff569,B017QU5G1O,1561513919631,Super clean and packaged nicely.,[],False,False,,"{""gameplay"": 0.0801, ""story"": 0.0907, ""graphics"": 0.2148, ""performance"": 0.046, ""controls"": 0.0574, ""multiplayer"": 0.066, ""content_replay"": 0.0735, ""value"": 0.16}","{""has_gameplay"": 0.9199, ""has_story"": 0.9093, ""has_graphics"": 0.7852, ""has_performance"": 0.954, ""has_controls"": 0.9426, ""has_multiplayer"": 0.934, ""has_content_replay"": 0.9265, ""has_value"": 0.84, ""out_of_scope"": 0.8109, ""needs_adjudication"": 0.8672}",,
t2.1-ai-v1-067,c8b427f90cd757f3c7d23e43,B09CVKG3DD,1569461356822,I just got the keyboard today and I can say for 17 dollars im pretty happy.,[],False,True,low_confidence:has_value;low_confidence:out_of_scope,"{""gameplay"": 0.1241, ""story"": 0.1273, ""graphics"": 0.1243, ""performance"": 0.0902, ""controls"": 0.0976, ""multiplayer"": 0.1013, ""content_replay"": 0.0899, ""value"": 0.4505}","{""has_gameplay"": 0.8759, ""has_story"": 0.8727, ""has_graphics"": 0.8757, ""has_performance"": 0.9098, ""has_controls"": 0.9024, ""has_multiplayer"": 0.8987, ""has_content_replay"": 0.9101, ""has_value"": 0.5495, ""out_of_scope"": 0.656, ""needs_adjudication"": 0.8105}",,
t2.1-ai-v1-068,cf528d93f4ccc5468f053ae9,B07FK7ZRBW,1562555875501,"Not sturdy enough, fragile for a teenager.",[],False,True,,"{""gameplay"": 0.0962, ""story"": 0.1068, ""graphics"": 0.123, ""performance"": 0.1118, ""controls"": 0.0967, ""multiplayer"": 0.1202, ""content_replay"": 0.0697, ""value"": 0.1373}","{""has_gameplay"": 0.9038, ""has_story"": 0.8932, ""has_graphics"": 0.877, ""has_performance"": 0.8882, ""has_controls"": 0.9033, ""has_multiplayer"": 0.8798, ""has_content_replay"": 0.9303, ""has_value"": 0.8627, ""out_of_scope"": 0.8141, ""needs_adjudication"": 0.7449}",,
t2.1-ai-v1-069,da0554b8735de790af180908,B005669IE2,1374467601000,My granddaughter dances to this constantly - she has all of the Just Dance  DVD's -great exercise too.,[],False,False,,"{""gameplay"": 0.0738, ""story"": 0.104, ""graphics"": 0.1089, ""performance"": 0.0692, ""controls"": 0.0684, ""multiplayer"": 0.0617, ""content_replay"": 0.0959, ""value"": 0.2799}","{""has_gameplay"": 0.9262, ""has_story"": 0.896, ""has_graphics"": 0.8911, ""has_performance"": 0.9308, ""has_controls"": 0.9316, ""has_multiplayer"": 0.9383, ""has_content_replay"": 0.9041, ""has_value"": 0.7201, ""out_of_scope"": 0.9999, ""needs_adjudication"": 0.8618}",,
t2.1-ai-v1-070,de694f57ef36cd7152a0ee4e,B01CIEBU54,1550247392131,I bought mic a year and a half ago and it has started to die in a pretty annoying way.,[],False,False,,"{""gameplay"": 0.0441, ""story"": 0.0903, ""graphics"": 0.0409, ""performance"": 0.1123, ""controls"": 0.0341, ""multiplayer"": 0.0538, ""content_replay"": 0.0337, ""value"": 0.0995}","{""has_gameplay"": 0.9559, ""has_story"": 0.9097, ""has_graphics"": 0.9591, ""has_performance"": 0.8877, ""has_controls"": 0.9659, ""has_multiplayer"": 0.9462, ""has_content_replay"": 0.9663, ""has_value"": 0.9005, ""out_of_scope"": 0.84, ""needs_adjudication"": 0.8024}",,
t2.1-ai-v1-071,e0df04615b908cd1d804e0b2,B00ZWWMMRU,1544771831062,"I received the item, it fits cleanly to the ps4 although a little loose.",[],False,True,low_confidence:out_of_scope,"{""gameplay"": 0.0383, ""story"": 0.0379, ""graphics"": 0.029, ""performance"": 0.064, ""controls"": 0.0433, ""multiplayer"": 0.0287, ""content_replay"": 0.0279, ""value"": 0.0644}","{""has_gameplay"": 0.9617, ""has_story"": 0.9621, ""has_graphics"": 0.971, ""has_performance"": 0.936, ""has_controls"": 0.9567, ""has_multiplayer"": 0.9713, ""has_content_replay"": 0.9721, ""has_value"": 0.9356, ""out_of_scope"": 0.697, ""needs_adjudication"": 0.9046}",,
t2.1-ai-v1-072,e26c6a6d6711c49835610bb1,B015XC3B46,1527868177131,You can charge controllers without a wire,[],False,False,,"{""gameplay"": 0.1058, ""story"": 0.0951, ""graphics"": 0.1096, ""performance"": 0.1114, ""controls"": 0.0998, ""multiplayer"": 0.1559, ""content_replay"": 0.1361, ""value"": 0.1568}","{""has_gameplay"": 0.8942, ""has_story"": 0.9049, ""has_graphics"": 0.8904, ""has_performance"": 0.8886, ""has_controls"": 0.9002, ""has_multiplayer"": 0.8441, ""has_content_replay"": 0.8639, ""has_value"": 0.8432, ""out_of_scope"": 0.8504, ""needs_adjudication"": 0.9473}",,
t2.1-ai-v1-073,e6b72d11c75728c33f95c319,B01I3946R2,1518284530450,I have another type of gaming mouse by this company and it's been  a decent gaming mouse that I use with my laptop.,[],False,True,low_confidence:has_value,"{""gameplay"": 0.1456, ""story"": 0.0955, ""graphics"": 0.1787, ""performance"": 0.0899, ""controls"": 0.1668, ""multiplayer"": 0.109, ""content_replay"": 0.1023, ""value"": 0.3554}","{""has_gameplay"": 0.8544, ""has_story"": 0.9045, ""has_graphics"": 0.8213, ""has_performance"": 0.9101, ""has_controls"": 0.8332, ""has_multiplayer"": 0.891, ""has_content_replay"": 0.8977, ""has_value"": 0.6446, ""out_of_scope"": 0.7707, ""needs_adjudication"": 0.8942}",,
t2.1-ai-v1-074,e89ce69d0a5a3d2acb2d6023,B07MHNTVBL,1392895325000,"This a Great Sony PS4 Game, my kids just love !",[],False,True,low_confidence:has_value;low_confidence:needs_adjudication,"{""gameplay"": 0.0742, ""story"": 0.0862, ""graphics"": 0.1124, ""performance"": 0.0408, ""controls"": 0.0426, ""multiplayer"": 0.0958, ""content_replay"": 0.075, ""value"": 0.4941}","{""has_gameplay"": 0.9258, ""has_story"": 0.9138, ""has_graphics"": 0.8876, ""has_performance"": 0.9592, ""has_controls"": 0.9574, ""has_multiplayer"": 0.9042, ""has_content_replay"": 0.925, ""has_value"": 0.5059, ""out_of_scope"": 0.9531, ""needs_adjudication"": 0.638}",,
t2.1-ai-v1-075,eb38e9441d18dc2302a08363,B074G34RY2,1504670773906,Third Steele Series mouse I have owned.,[],False,True,low_confidence:out_of_scope,"{""gameplay"": 0.061, ""story"": 0.0584, ""graphics"": 0.0714, ""performance"": 0.1217, ""controls"": 0.0617, ""multiplayer"": 0.0569, ""content_replay"": 0.0399, ""value"": 0.1473}","{""has_gameplay"": 0.939, ""has_story"": 0.9416, ""has_graphics"": 0.9286, ""has_performance"": 0.8783, ""has_controls"": 0.9383, ""has_multiplayer"": 0.9431, ""has_content_replay"": 0.9601, ""has_value"": 0.8527, ""out_of_scope"": 0.6726, ""needs_adjudication"": 0.8287}",,
t2.1-ai-v1-076,eb90eebe7ab8088e95225e9e,B001EYUXWQ,1530581019718,You guy is too strong for Survival Horror.,[],False,False,,"{""gameplay"": 0.1198, ""story"": 0.1985, ""graphics"": 0.1069, ""performance"": 0.1099, ""controls"": 0.0879, ""multiplayer"": 0.1281, ""content_replay"": 0.1343, ""value"": 0.1434}","{""has_gameplay"": 0.8802, ""has_story"": 0.8015, ""has_graphics"": 0.8931, ""has_performance"": 0.8901, ""has_controls"": 0.9121, ""has_multiplayer"": 0.8719, ""has_content_replay"": 0.8657, ""has_value"": 0.8566, ""out_of_scope"": 1.0, ""needs_adjudication"": 0.7826}",,
t2.1-ai-v1-077,f22edfa9ac83f2f4a1fe6d12,B00K77WQ3A,1423178075000,"If you are looking for an entry gamer headset that doesn't break the bank, these are for you.",[],True,True,low_confidence:has_graphics;low_confidence:has_value,"{""gameplay"": 0.1234, ""story"": 0.1119, ""graphics"": 0.5343, ""performance"": 0.1522, ""controls"": 0.0973, ""multiplayer"": 0.1196, ""content_replay"": 0.0994, ""value"": 0.6107}","{""has_gameplay"": 0.8766, ""has_story"": 0.8881, ""has_graphics"": 0.5343, ""has_performance"": 0.8478, ""has_controls"": 0.9027, ""has_multiplayer"": 0.8804, ""has_content_replay"": 0.9006, ""has_value"": 0.6107, ""out_of_scope"": 0.8453, ""needs_adjudication"": 0.85}",,
t2.1-ai-v1-078,fb4034c676041ec30aaea48c,B00BDR5SO2,1560552437723,What youre expecting!nice,[],False,True,low_confidence:has_value,"{""gameplay"": 0.1903, ""story"": 0.2292, ""graphics"": 0.2577, ""performance"": 0.1543, ""controls"": 0.2141, ""multiplayer"": 0.1722, ""content_replay"": 0.2462, ""value"": 0.3347}","{""has_gameplay"": 0.8097, ""has_story"": 0.7708, ""has_graphics"": 0.7423, ""has_performance"": 0.8457, ""has_controls"": 0.7859, ""has_multiplayer"": 0.8278, ""has_content_replay"": 0.7538, ""has_value"": 0.6653, ""out_of_scope"": 0.7964, ""needs_adjudication"": 0.8272}",,
t2.1-ai-v1-079,fed92caa3f71630cdf641769,B01N9SISEM,1478142651000,Worked well for a month until the sound from the left earphone stopped working.,[],False,False,,"{""gameplay"": 0.059, ""story"": 0.0995, ""graphics"": 0.0477, ""performance"": 0.1688, ""controls"": 0.0989, ""multiplayer"": 0.0318, ""content_replay"": 0.0322, ""value"": 0.0967}","{""has_gameplay"": 0.941, ""has_story"": 0.9005, ""has_graphics"": 0.9523, ""has_performance"": 0.8312, ""has_controls"": 0.9011, ""has_multiplayer"": 0.9682, ""has_content_replay"": 0.9678, ""has_value"": 0.9033, ""out_of_scope"": 0.8489, ""needs_adjudication"": 0.9215}",,
t2.1-ai-v1-080,01c523961b252931e09c3ff4,B00HVBPRUO,1398203348000,Pretty comfortable,[],False,True,low_confidence:needs_adjudication,"{""gameplay"": 0.1159, ""story"": 0.0885, ""graphics"": 0.1185, ""performance"": 0.091, ""controls"": 0.0878, ""multiplayer"": 0.1132, ""content_replay"": 0.1154, ""value"": 0.2751}","{""has_gameplay"": 0.8841, ""has_story"": 0.9115, ""has_graphics"": 0.8815, ""has_performance"": 0.909, ""has_controls"": 0.9122, ""has_multiplayer"": 0.8868, ""has_content_replay"": 0.8846, ""has_value"": 0.7249, ""out_of_scope"": 0.9626, ""needs_adjudication"": 0.6863}",,
t2.1-ai-v1-081,033b7e114e9f6df977a6a922,B0044R8X9U,1350511470000,Unfortunately the new game isn't even remotely as fun as the last.,"[{""aspect"": ""controls"", ""polarity"": ""negative"", ""start"": 126, ""end"": 192, ""evidence"": ""Unfortunately the new game isn't even remotely as fun as the last.""}, {""aspect"": ""multiplayer"", ""polarity"": ""negative"", ""start"": 126, ""end"": 192, ""evidence"": ""Unfortunately the new game isn't even remotely as fun as the last.""}]",False,True,low_confidence:has_value;low_confidence:needs_adjudication,"{""gameplay"": 0.2796, ""story"": 0.7625, ""graphics"": 0.8295, ""performance"": 0.2095, ""controls"": 0.8833, ""multiplayer"": 0.8599, ""content_replay"": 0.7194, ""value"": 0.5019}","{""has_gameplay"": 0.7204, ""has_story"": 0.7625, ""has_graphics"": 0.8295, ""has_performance"": 0.7905, ""has_controls"": 0.8833, ""sentiment_controls"": 0.9546, ""has_multiplayer"": 0.8599, ""sentiment_multiplayer"": 0.9492, ""has_content_replay"": 0.7194, ""has_value"": 0.5019, ""out_of_scope"": 0.9988, ""needs_adjudication"": 0.6058}",,
t2.1-ai-v1-082,047e7f9ab550f7ad7e5a40e8,B008U2XH0U,1427982890000,Only 4/5 stars because it did not come with a wrist strap and I thought it should have..,[],False,False,,"{""gameplay"": 0.1301, ""story"": 0.11, ""graphics"": 0.1526, ""performance"": 0.1633, ""controls"": 0.1065, ""multiplayer"": 0.2207, ""content_replay"": 0.1234, ""value"": 0.2495}","{""has_gameplay"": 0.8699, ""has_story"": 0.89, ""has_graphics"": 0.8474, ""has_performance"": 0.8367, ""has_controls"": 0.8935, ""has_multiplayer"": 0.7793, ""has_content_replay"": 0.8766, ""has_value"": 0.7505, ""out_of_scope"": 0.7726, ""needs_adjudication"": 0.7214}",,
t2.1-ai-v1-083,07b1f566a0f05737b70d08ae,B000YOCGUO,1434828185000,thanks..,[],False,False,,"{""gameplay"": 0.0298, ""story"": 0.0296, ""graphics"": 0.0775, ""performance"": 0.1018, ""controls"": 0.0266, ""multiplayer"": 0.0284, ""content_replay"": 0.0743, ""value"": 0.1047}","{""has_gameplay"": 0.9702, ""has_story"": 0.9704, ""has_graphics"": 0.9225, ""has_performance"": 0.8982, ""has_controls"": 0.9734, ""has_multiplayer"": 0.9716, ""has_content_replay"": 0.9257, ""has_value"": 0.8953, ""out_of_scope"": 0.9688, ""needs_adjudication"": 0.9999}",,
t2.1-ai-v1-084,0c1c5df21646499c9492dde0,B0055VHUAM,1379556098000,"Once it was fully downloaded, I could not access the game.",[],False,True,low_confidence:needs_adjudication,"{""gameplay"": 0.0692, ""story"": 0.0643, ""graphics"": 0.0488, ""performance"": 0.0881, ""controls"": 0.0387, ""multiplayer"": 0.0246, ""content_replay"": 0.0791, ""value"": 0.0807}","{""has_gameplay"": 0.9308, ""has_story"": 0.9357, ""has_graphics"": 0.9512, ""has_performance"": 0.9119, ""has_controls"": 0.9613, ""has_multiplayer"": 0.9754, ""has_content_replay"": 0.9209, ""has_value"": 0.9193, ""out_of_scope"": 0.9997, ""needs_adjudication"": 0.6934}",,
t2.1-ai-v1-085,0d395ff21aea34491d4baca5,B07L7QDB7K,1401940317000,they also feel like membrane keys.,[],False,True,low_confidence:out_of_scope,"{""gameplay"": 0.0756, ""story"": 0.0556, ""graphics"": 0.0461, ""performance"": 0.0503, ""controls"": 0.0356, ""multiplayer"": 0.0332, ""content_replay"": 0.0561, ""value"": 0.1087}","{""has_gameplay"": 0.9244, ""has_story"": 0.9444, ""has_graphics"": 0.9539, ""has_performance"": 0.9497, ""has_controls"": 0.9644, ""has_multiplayer"": 0.9668, ""has_content_replay"": 0.9439, ""has_value"": 0.8913, ""out_of_scope"": 0.6351, ""needs_adjudication"": 0.8228}",,
t2.1-ai-v1-086,0ebb065343adbe0f418e6e07,B002JTX78M,1323646577000,the code that come with it is expired the only down thing of the collector's edition,[],False,False,,"{""gameplay"": 0.0625, ""story"": 0.0561, ""graphics"": 0.0656, ""performance"": 0.1181, ""controls"": 0.0376, ""multiplayer"": 0.0022, ""content_replay"": 0.0746, ""value"": 0.1158}","{""has_gameplay"": 0.9375, ""has_story"": 0.9439, ""has_graphics"": 0.9344, ""has_performance"": 0.8819, ""has_controls"": 0.9624, ""has_multiplayer"": 0.9978, ""has_content_replay"": 0.9254, ""has_value"": 0.8842, ""out_of_scope"": 0.8936, ""needs_adjudication"": 0.9231}",,
t2.1-ai-v1-087,10f68fe3805699528ff08dca,B000FSEV2U,1360197801000,I am revisiting this game since a long time ago in Theme Park Roller Coaster for PS2.,[],False,False,,"{""gameplay"": 0.1199, ""story"": 0.1281, ""graphics"": 0.101, ""performance"": 0.1188, ""controls"": 0.0882, ""multiplayer"": 0.094, ""content_replay"": 0.1056, ""value"": 0.1671}","{""has_gameplay"": 0.8801, ""has_story"": 0.8719, ""has_graphics"": 0.899, ""has_performance"": 0.8812, ""has_controls"": 0.9118, ""has_multiplayer"": 0.906, ""has_content_replay"": 0.8944, ""has_value"": 0.8329, ""out_of_scope"": 0.9973, ""needs_adjudication"": 0.7199}",,
t2.1-ai-v1-088,1427c3fa85caf01bff6d594c,B004ASNIRU,1400071565000,I wish the creators would have kept more towards the style of the 1st majesty.,[],False,True,low_confidence:has_graphics,"{""gameplay"": 0.0918, ""story"": 0.1274, ""graphics"": 0.349, ""performance"": 0.1293, ""controls"": 0.0598, ""multiplayer"": 0.0875, ""content_replay"": 0.1033, ""value"": 0.1772}","{""has_gameplay"": 0.9082, ""has_story"": 0.8726, ""has_graphics"": 0.651, ""has_performance"": 0.8707, ""has_controls"": 0.9402, ""has_multiplayer"": 0.9125, ""has_content_replay"": 0.8967, ""has_value"": 0.8228, ""out_of_scope"": 0.969, ""needs_adjudication"": 0.8516}",,
t2.1-ai-v1-089,173c2978fd2fac25829ec628,B00IAVDQCK,1428286669000,"Just like any other headset, the Xbox One's flaws make it impossible to use any headset half of the time unless you restart you console with the headset plugged into the controller before you turn it on.",[],False,False,,"{""gameplay"": 0.1087, ""story"": 0.0799, ""graphics"": 0.0798, ""performance"": 0.7251, ""controls"": 0.0913, ""multiplayer"": 0.1102, ""content_replay"": 0.0565, ""value"": 0.1184}","{""has_gameplay"": 0.8913, ""has_story"": 0.9201, ""has_graphics"": 0.9202, ""has_performance"": 0.7251, ""has_controls"": 0.9087, ""has_multiplayer"": 0.8898, ""has_content_replay"": 0.9435, ""has_value"": 0.8816, ""out_of_scope"": 0.7983, ""needs_adjudication"": 0.9063}",,
t2.1-ai-v1-090,19f9d318e61fb76c1d37c3f1,B007W5P8TE,1341346165000,completely missed the mark.,[],False,False,,"{""gameplay"": 0.1383, ""story"": 0.1049, ""graphics"": 0.1499, ""performance"": 0.2009, ""controls"": 0.1185, ""multiplayer"": 0.1064, ""content_replay"": 0.1312, ""value"": 0.1491}","{""has_gameplay"": 0.8617, ""has_story"": 0.8951, ""has_graphics"": 0.8501, ""has_performance"": 0.7991, ""has_controls"": 0.8815, ""has_multiplayer"": 0.8936, ""has_content_replay"": 0.8688, ""has_value"": 0.8509, ""out_of_scope"": 0.9122, ""needs_adjudication"": 0.8586}",,
t2.1-ai-v1-091,1c0e5daf7e9fa7bd05d2baa4,B07MQ6DTLG,1456642379000,he finished the game within a few days & now it's just there.,[],False,False,,"{""gameplay"": 0.1151, ""story"": 0.098, ""graphics"": 0.1015, ""performance"": 0.0828, ""controls"": 0.0619, ""multiplayer"": 0.0526, ""content_replay"": 0.1492, ""value"": 0.1178}","{""has_gameplay"": 0.8849, ""has_story"": 0.902, ""has_graphics"": 0.8985, ""has_performance"": 0.9172, ""has_controls"": 0.9381, ""has_multiplayer"": 0.9474, ""has_content_replay"": 0.8508, ""has_value"": 0.8822, ""out_of_scope"": 0.9188, ""needs_adjudication"": 0.8944}",,
t2.1-ai-v1-092,1c644519b24fb5f4a9c2f5c7,B082KPGL1V,1613313938291,And has pockets for up to 10 of your games.,[],False,False,,"{""gameplay"": 0.076, ""story"": 0.081, ""graphics"": 0.0775, ""performance"": 0.1016, ""controls"": 0.0486, ""multiplayer"": 0.1004, ""content_replay"": 0.1346, ""value"": 0.1256}","{""has_gameplay"": 0.924, ""has_story"": 0.919, ""has_graphics"": 0.9225, ""has_performance"": 0.8984, ""has_controls"": 0.9514, ""has_multiplayer"": 0.8996, ""has_content_replay"": 0.8654, ""has_value"": 0.8744, ""out_of_scope"": 0.9383, ""needs_adjudication"": 0.9747}",,
t2.1-ai-v1-093,1fe8f9da07481a4eb16e1ec4,B002BWOW54,1439065115000,Requires cooperation between players and persistence to move through the game.,[],False,True,low_confidence:has_gameplay,"{""gameplay"": 0.6198, ""story"": 0.1819, ""graphics"": 0.0833, ""performance"": 0.1611, ""controls"": 0.0776, ""multiplayer"": 0.2509, ""content_replay"": 0.1154, ""value"": 0.1961}","{""has_gameplay"": 0.6198, ""has_story"": 0.8181, ""has_graphics"": 0.9167, ""has_performance"": 0.8389, ""has_controls"": 0.9224, ""has_multiplayer"": 0.7491, ""has_content_replay"": 0.8846, ""has_value"": 0.8039, ""out_of_scope"": 1.0, ""needs_adjudication"": 0.91}",,
t2.1-ai-v1-094,2408aea4db5621e4b48a6dbf,B003Z0BRDQ,1326375577000,I had heard several people had trouble getting this to work on Windows 7.,[],False,False,,"{""gameplay"": 0.1629, ""story"": 0.1445, ""graphics"": 0.1856, ""performance"": 0.2184, ""controls"": 0.1267, ""multiplayer"": 0.1318, ""content_replay"": 0.1184, ""value"": 0.1642}","{""has_gameplay"": 0.8371, ""has_story"": 0.8555, ""has_graphics"": 0.8144, ""has_performance"": 0.7816, ""has_controls"": 0.8733, ""has_multiplayer"": 0.8682, ""has_content_replay"": 0.8816, ""has_value"": 0.8358, ""out_of_scope"": 0.9412, ""needs_adjudication"": 0.9376}",,
t2.1-ai-v1-095,25561b4ea09b4b9786a9f190,B01KHFB2AY,1484508346000,Mine had some sensor/lens rattle,[],False,False,,"{""gameplay"": 0.0519, ""story"": 0.0624, ""graphics"": 0.1804, ""performance"": 0.27, ""controls"": 0.2775, ""multiplayer"": 0.045, ""content_replay"": 0.0722, ""value"": 0.1075}","{""has_gameplay"": 0.9481, ""has_story"": 0.9376, ""has_graphics"": 0.8196, ""has_performance"": 0.73, ""has_controls"": 0.7225, ""has_multiplayer"": 0.955, ""has_content_replay"": 0.9278, ""has_value"": 0.8925, ""out_of_scope"": 0.9487, ""needs_adjudication"": 0.798}",,
t2.1-ai-v1-096,27ce79445fabab4c7f881028,B0773CS51L,1562118549547,For Switch it is very easy to apply.,[],False,False,,"{""gameplay"": 0.1064, ""story"": 0.0929, ""graphics"": 0.1175, ""performance"": 0.1698, ""controls"": 0.1006, ""multiplayer"": 0.1036, ""content_replay"": 0.1122, ""value"": 0.1933}","{""has_gameplay"": 0.8936, ""has_story"": 0.9071, ""has_graphics"": 0.8825, ""has_performance"": 0.8302, ""has_controls"": 0.8994, ""has_multiplayer"": 0.8964, ""has_content_replay"": 0.8878, ""has_value"": 0.8067, ""out_of_scope"": 0.8968, ""needs_adjudication"": 0.9087}",,
t2.1-ai-v1-097,3955ac1f397c232bfd55f5b0,B0721GGGS9,1527744557152,Amazing.,[],False,False,,"{""gameplay"": 0.0746, ""story"": 0.0796, ""graphics"": 0.1569, ""performance"": 0.0521, ""controls"": 0.0427, ""multiplayer"": 0.0546, ""content_replay"": 0.0639, ""value"": 0.1706}","{""has_gameplay"": 0.9254, ""has_story"": 0.9204, ""has_graphics"": 0.8431, ""has_performance"": 0.9478, ""has_controls"": 0.9573, ""has_multiplayer"": 0.9454, ""has_content_replay"": 0.9361, ""has_value"": 0.8294, ""out_of_scope"": 0.9623, ""needs_adjudication"": 0.8392}",,
t2.1-ai-v1-098,3cf9e9ee61639a6c44b5683b,B000WMEEBC,1408133104000,no continuous play and the map was larger =( if that was changed it would be so good,[],False,False,,"{""gameplay"": 0.1724, ""story"": 0.1078, ""graphics"": 0.1201, ""performance"": 0.1376, ""controls"": 0.0655, ""multiplayer"": 0.0455, ""content_replay"": 0.1067, ""value"": 0.1113}","{""has_gameplay"": 0.8276, ""has_story"": 0.8922, ""has_graphics"": 0.8799, ""has_performance"": 0.8624, ""has_controls"": 0.9345, ""has_multiplayer"": 0.9545, ""has_content_replay"": 0.8933, ""has_value"": 0.8887, ""out_of_scope"": 0.9993, ""needs_adjudication"": 0.9061}",,
t2.1-ai-v1-099,3cfcc280c0b8bb59e76fe990,B000038ABQ,1447275276000,I'm glad I did.,[],False,False,,"{""gameplay"": 0.0409, ""story"": 0.0482, ""graphics"": 0.0303, ""performance"": 0.0352, ""controls"": 0.0309, ""multiplayer"": 0.0296, ""content_replay"": 0.0359, ""value"": 0.0932}","{""has_gameplay"": 0.9591, ""has_story"": 0.9518, ""has_graphics"": 0.9697, ""has_performance"": 0.9648, ""has_controls"": 0.9691, ""has_multiplayer"": 0.9704, ""has_content_replay"": 0.9641, ""has_value"": 0.9068, ""out_of_scope"": 0.9552, ""needs_adjudication"": 0.9252}",,
t2.1-ai-v1-100,4549458bf81880a6b8492774,B00BFOEY4I,1424052594000,not even used for 6 months and this headset is already broken and useless.,"[{""aspect"": ""multiplayer"", ""polarity"": ""negative"", ""start"": 100, ""end"": 174, ""evidence"": ""not even used for 6 months and this headset is already broken and useless.""}]",False,True,low_confidence:has_gameplay;low_confidence:has_content_replay;low_confidence:has_value,"{""gameplay"": 0.6265, ""story"": 0.2284, ""graphics"": 0.1381, ""performance"": 0.7022, ""controls"": 0.1375, ""multiplayer"": 0.8865, ""content_replay"": 0.4514, ""value"": 0.6222}","{""has_gameplay"": 0.6265, ""has_story"": 0.7716, ""has_graphics"": 0.8619, ""has_performance"": 0.7022, ""has_controls"": 0.8625, ""has_multiplayer"": 0.8865, ""sentiment_multiplayer"": 0.981, ""has_content_replay"": 0.5486, ""has_value"": 0.6222, ""out_of_scope"": 0.7368, ""needs_adjudication"": 0.9564}",,
