unit_id,review_id,item_id,timestamp,text,llm_labels_json,llm_out_of_scope,llm_needs_adjudication,human_labels_json,human_out_of_scope,human_needs_adjudication,human_note
t2.1-ai-v1-001,01c523961b252931e09c3ff4,B00HVBPRUO,1398203348000,"Good sound quality - the virtual surround sound work especially well - and no setup required, just plug the receiver in and go.",[],True,False,,,,
t2.1-ai-v1-002,033b7e114e9f6df977a6a922,B0044R8X9U,1350511470000,"Ace combat 6 was one of my favorite games early in the life of the 360, so when new ace combat game was coming I was excited.","[{""aspect"": ""gameplay"", ""polarity"": ""positive"", ""start"": 27, ""end"": 41, ""evidence"": ""favorite games""}]",False,False,,,,
t2.1-ai-v1-003,047e7f9ab550f7ad7e5a40e8,B008U2XH0U,1427982890000,Used by 6 kids ages 8 and under for over a month now and no issues!,[],True,True,,,,
t2.1-ai-v1-004,07b1f566a0f05737b70d08ae,B000YOCGUO,1434828185000,"Great fast shipping, System is working perfectly the only reason i gave a 4 star is because the controller's joystick is a little loose other than that great buy..","[{""aspect"": ""controls"", ""polarity"": ""negative"", ""start"": 109, ""end"": 135, ""evidence"": ""joystick is a little loose""}, {""aspect"": ""value"", ""polarity"": ""positive"", ""start"": 152, ""end"": 161, ""evidence"": ""great buy""}]",False,True,,,,
t2.1-ai-v1-005,09a46221c54f94ea55544e5e,B0063IVH1O,1369711180000,the plastic cover on the part that goes into the tablet comes off every time I try to pull it out.,[],True,False,,,,
t2.1-ai-v1-006,0c1c5df21646499c9492dde0,B0055VHUAM,1379556098000,The PC download of the Sims 3 Pets game took forever to install.,"[{""aspect"": ""performance"", ""polarity"": ""negative"", ""start"": 40, ""end"": 63, ""evidence"": ""took forever to install""}]",False,False,,,,
t2.1-ai-v1-007,0d395ff21aea34491d4baca5,B07L7QDB7K,1401940317000,"i decided to get another keyboard because my old mechanical Dell keyboard was getting annoying it worked great up until i cleaned it out the shift key started to hang up had to put effort into most of the keys before they would register, so i went with PERIXX PX-1100 most of the time i like to play games in the dark so after i noticed PX-1100 had keys that lit up i figured this was perfect the keys feel mechanical",[],True,True,,,,
t2.1-ai-v1-008,0ebb065343adbe0f418e6e07,B002JTX78M,1323646577000,Is a great game,"[{""aspect"": ""gameplay"", ""polarity"": ""positive"", ""start"": 5, ""end"": 15, ""evidence"": ""great game""}]",False,False,,,,
t2.1-ai-v1-009,10f68fe3805699528ff08dca,B000FSEV2U,1360197801000,One of my favourite childhood games of the 90s with Roller Coaster Tycoon!,"[{""aspect"": ""gameplay"", ""polarity"": ""positive"", ""start"": 10, ""end"": 35, ""evidence"": ""favourite childhood games""}]",False,False,,,,
t2.1-ai-v1-010,1427c3fa85caf01bff6d594c,B004ASNIRU,1400071565000,the game was enjoyable,"[{""aspect"": ""gameplay"", ""polarity"": ""positive"", ""start"": 4, ""end"": 22, ""evidence"": ""game was enjoyable""}]",False,False,,,,
t2.1-ai-v1-011,173c2978fd2fac25829ec628,B00IAVDQCK,1428286669000,It's a good headset...when the Xbox One console detects it.,[],True,True,,,,
t2.1-ai-v1-012,1776e34651ee1de8eaba25bf,B002P69VAC,1533051794898,OK,[],False,True,,,,
t2.1-ai-v1-013,19f9d318e61fb76c1d37c3f1,B007W5P8TE,1341346165000,This is a game that had a TON of potential,[],False,True,,,,
t2.1-ai-v1-014,1c0e5daf7e9fa7bd05d2baa4,B07MQ6DTLG,1456642379000,My 8yr old son loved the game.,"[{""aspect"": ""gameplay"", ""polarity"": ""positive"", ""start"": 15, ""end"": 29, ""evidence"": ""loved the game""}]",False,False,,,,
t2.1-ai-v1-015,1c644519b24fb5f4a9c2f5c7,B082KPGL1V,1613313938291,"Sturdy well made case, protects your Switch during travel.",[],True,False,,,,
t2.1-ai-v1-016,1fe8f9da07481a4eb16e1ec4,B002BWOW54,1439065115000,Grandsons 7 and 9 love this game.,"[{""aspect"": ""gameplay"", ""polarity"": ""positive"", ""start"": 18, ""end"": 32, ""evidence"": ""love this game""}]",False,False,,,,
t2.1-ai-v1-017,2408aea4db5621e4b48a6dbf,B003Z0BRDQ,1326375577000,"First let me say, I am a software engineer and I install software all the time.",[],True,True,,,,
t2.1-ai-v1-018,25561b4ea09b4b9786a9f190,B01KHFB2AY,1484508346000,"The weight, shape, and sensor are fine.",[],True,True,,,,
t2.1-ai-v1-019,27ce79445fabab4c7f881028,B0773CS51L,1562118549547,I got this for both of my Switch and PS4 controllers.,[],True,True,,,,
t2.1-ai-v1-020,3955ac1f397c232bfd55f5b0,B0721GGGS9,1527744557152,&#60;3 - My childhood.,[],False,True,,,,
t2.1-ai-v1-021,3cf9e9ee61639a6c44b5683b,B000WMEEBC,1408133104000,Love this game,"[{""aspect"": ""gameplay"", ""polarity"": ""positive"", ""start"": 0, ""end"": 14, ""evidence"": ""Love this game""}]",False,False,,,,
t2.1-ai-v1-022,3cfcc280c0b8bb59e76fe990,B000038ABQ,1447275276000,"I never had this game as a kid,and just heard of it recently",[],False,True,,,,
t2.1-ai-v1-023,4549458bf81880a6b8492774,B00BFOEY4I,1424052594000,"Purchased item Oct. 21, 2014, sitting here now and now (Feb 15, 2015) the left side has broken off.",[],True,False,,,,
t2.1-ai-v1-024,47071fc24b3e45c6ed2dd748,B000V8G1CC,1363958998000,"I bought these along with controllers, and thought I was getting a quality product",[],False,True,,,,
t2.1-ai-v1-025,4aca3897cd30f8488fec7907,B07NLL17W7,1556476308949,Good,[],False,True,,,,
t2.1-ai-v1-026,4c87c64dd861d020631aeacc,B001EYUNWQ,1320792518000,We bought this to find out it does not run under OSX Lion.,"[{""aspect"": ""performance"", ""polarity"": ""negative"", ""start"": 30, ""end"": 57, ""evidence"": ""does not run under OSX Lion""}]",False,False,,,,
t2.1-ai-v1-027,4caa50543058cf4daf1a5325,B07XTN79W6,1617305598238,Gets dirty real fast fingerprints everywhere,[],True,False,,,,
t2.1-ai-v1-028,50192e54b5c8106d29937864,B000S6AG9G,1483652373000,Extremely useful for Nintendo products that require this tri star tool!,[],True,False,,,,
t2.1-ai-v1-029,50354bf4975894ed82349947,B00CF7KVMI,1388144142000,This gets 5 cuz it's awesome overall.,"[{""aspect"": ""gameplay"", ""polarity"": ""positive"", ""start"": 21, ""end"": 36, ""evidence"": ""awesome overall""}]",False,False,,,,
t2.1-ai-v1-030,516e4998c8f57a808c60cfbc,B000X8C3YU,1412782040000,did not work,[],True,True,,,,
t2.1-ai-v1-031,5a18b24ec25e91fb578a0c20,B07YBWT3PK,1457975330000,False codes DO NOT BUY,[],True,True,,,,
t2.1-ai-v1-032,5b5022fb7089df9c11407f0e,B0000E5U6M,1462984986000,Does what I needed!,[],True,False,,,,
t2.1-ai-v1-033,5e396b38052f569772a22c9b,B00WL7IK7A,1445993254000,Great Heroes game!,"[{""aspect"": ""gameplay"", ""polarity"": ""positive"", ""start"": 0, ""end"": 17, ""evidence"": ""Great Heroes game""}]",False,False,,,,
t2.1-ai-v1-034,6e944e206bc0b14fc00c74b0,B00029QR7O,1372177594000,"Considering it shipped in a week from across the pond,  was impressed.",[],True,False,,,,
t2.1-ai-v1-035,71115fdcb1bbbeffb6b18a11,B00ZP9XO9U,1467010849000,I've been a huge Mega Man fan since I was a kid renting Mega Man 3 from a local video store.,[],False,True,,,,
t2.1-ai-v1-036,7ac4b42dcb49b151bd3dddf3,B000059P7G,1382551023000,I'm no spring chicken,[],True,False,,,,
t2.1-ai-v1-037,7dd1c193bf1d04c10c78abb2,B00KO4ULZ6,1429586472000,Very fun lots of levels.,"[{""aspect"": ""gameplay"", ""polarity"": ""positive"", ""start"": 0, ""end"": 8, ""evidence"": ""Very fun""}, {""aspect"": ""content_replay"", ""polarity"": ""positive"", ""start"": 9, ""end"": 23, ""evidence"": ""lots of levels""}]",False,False,,,,
t2.1-ai-v1-038,7f929fdf9f4e1f7a43f5b701,B00118T6G4,1210036159000,"I've been really, really trying to look past the bugs in this game","[{""aspect"": ""performance"", ""polarity"": ""negative"", ""start"": 49, ""end"": 66, ""evidence"": ""bugs in this game""}]",False,False,,,,
t2.1-ai-v1-039,7fc3bfc1acf963b88647458f,B00GIK3YAO,1417390167000,Being able to charge your phone on the go,[],True,False,,,,
t2.1-ai-v1-040,80c6d70f04b8c46a19c32d59,B07Y52Q8CS,1601613351400,I've tried using the included audio splitter and one from my old V-MODA BoomPro.,[],True,False,,,,
t2.1-ai-v1-041,82414b419fd283124da22adb,B00E1L78N6,1394601969000,"These headphones are comfortable, and the sound quality is fine.",[],True,False,,,,
t2.1-ai-v1-042,845e8169df6f3553faa62c48,B07CV6LH3V,1547300570804,Extremly happy with this purchase.,[],True,False,,,,
t2.1-ai-v1-043,8b6d4c8cd0675e759dc3249a,B00BU3ZLJQ,1419873296000,"Bought this for my son, he loves it.","[{""aspect"": ""gameplay"", ""polarity"": ""positive"", ""start"": 24, ""end"": 35, ""evidence"": ""he loves it""}]",False,False,,,,
t2.1-ai-v1-044,8fe4cff789ec86ee7564efec,B07BR3RWBP,1543882185618,Build material is great,[],True,False,,,,
t2.1-ai-v1-045,94573b02fb4cab80838ea351,B08HGRRSW5,1614446132381,Doesn’t fit,[],True,False,,,,
t2.1-ai-v1-046,946ac00c57e849affa25fd27,B00BGA9X9W,1387704619000,"it is not working & freezing most of the times specially when you r playing sport games ,this is not gd","[{""aspect"": ""performance"", ""polarity"": ""negative"", ""start"": 6, ""end"": 28, ""evidence"": ""not working & freezing""}]",False,False,,,,
t2.1-ai-v1-047,94702310f36dc43630f8429a,B098VVRH1T,1606622402926,"So I have a pimax 5k, and upgraded to this 8k.",[],False,True,,,,
t2.1-ai-v1-048,9658578ab17b82ea1794b43b,B01I7P49QA,1489531863000,Controllers constantly fall of the base and will not charge.,[],True,False,,,,
t2.1-ai-v1-049,979aeae5aa4967f071058fd8,B011KQP0K2,1466207729000,I gave this Case 2 stars because it held together when i dropped it.,[],True,False,,,,
t2.1-ai-v1-050,984af8672ace0832cea2cd30,B07L5FKGQH,1564429738403,I have a low-tolerance for sandbox-style games that gloss over paper-thin plots in the hope that randomly-generated encounters will make for fun gameplay.,"[{""aspect"": ""story"", ""polarity"": ""negative"", ""start"": 63, ""end"": 79, ""evidence"": ""paper-thin plots""}]",False,False,,,,
t2.1-ai-v1-051,9a46054dbac8011c03a9aade,B00HTK1NCS,1456198926000,"Looks excellent, especially for the price.","[{""aspect"": ""graphics"", ""polarity"": ""positive"", ""start"": 0, ""end"": 15, ""evidence"": ""Looks excellent""}, {""aspect"": ""value"", ""polarity"": ""positive"", ""start"": 17, ""end"": 41, ""evidence"": ""especially for the price""}]",False,False,,,,
t2.1-ai-v1-052,9ffa2a4e4ac7818fa70af484,B0009WH7DM,1136730868000,"Stay away from this game, unless you enjoy playing error prone poorly programmed video games.","[{""aspect"": ""performance"", ""polarity"": ""negative"", ""start"": 51, ""end"": 80, ""evidence"": ""error prone poorly programmed""}]",False,False,,,,
t2.1-ai-v1-053,a000a342c1c1e383a4542ed0,B01N3ASPNV,1510168996414,Product works great!,[],True,False,,,,
t2.1-ai-v1-054,a04ba8a1619231e52b09edc6,B00YQM1PNY,1564790921571,"As I was opening the package the game came in, I heard something shifting around.",[],True,False,,,,
t2.1-ai-v1-055,ac7ced89d49b162149bce653,B0000512E9,1358100084000,It worked just fine.,[],True,False,,,,
t2.1-ai-v1-056,acc6ad52c2c5c64cfb1027e6,B073BVHY3F,1585668750414,The product is awesome,[],True,False,,,,
t2.1-ai-v1-057,ad77204c3af96e3590bce88f,B07YBXFDYN,1368139360000,It was used when I bought it so I didn't expect anything great.,[],True,False,,,,
t2.1-ai-v1-058,adf824b836173e957d754b7f,B008M502H6,1375383758000,"Deadpool has to be one of the most outlandish and immature games ive ever played, and i love it!","[{""aspect"": ""gameplay"", ""polarity"": ""positive"", ""start"": 86, ""end"": 95, ""evidence"": ""i love it""}]",False,False,,,,
t2.1-ai-v1-059,af27f2abe8adaf873c03e38e,B07S7HMXYK,1546842214572,Product was great.,[],True,False,,,,
t2.1-ai-v1-060,b347be06a2e99b2599223fba,B001QT8RGS,1244503373000,Drakensang is a beautifully rendered game.,"[{""aspect"": ""graphics"", ""polarity"": ""positive"", ""start"": 51, ""end"": 71, ""evidence"": ""beautifully rendered""}]",False,False,,,,
t2.1-ai-v1-061,b3dce20c738a3b9e1086d888,B001ELJPX2,1325896270000,This game had the potential to be really fun...,[],False,True,,,,
t2.1-ai-v1-062,bb350ace236faecd49cc6606,B0836T7T7D,1597732239689,"Because Nintendo switch does not have Bluetooth, to be able to use chat, you have to have 1 of these transmitters.",[],True,True,,,,
t2.1-ai-v1-063,c13c0f48fb86971f259aeb73,B0006B5LQ6,1360540040000,I received the games,[],True,False,,,,
t2.1-ai-v1-064,c25f59f81cdc8746f0c513d9,B0B2RQXT92,1577738695417,Nice set for the price.,[],True,True,,,,
t2.1-ai-v1-065,c4d889feee42eed9dc314ddd,B00PY6MSTQ,1448281098000,excellent,[],False,True,,,,
t2.1-ai-v1-066,c867188bb09773d0071ff569,B017QU5G1O,1561513919631,Super clean and packaged nicely.,[],True,True,,,,
t2.1-ai-v1-067,c8b427f90cd757f3c7d23e43,B09CVKG3DD,1569461356822,I just got the keyboard today and I can say for 17 dollars im pretty happy.,"[{""aspect"": ""value"", ""polarity"": ""positive"", ""start"": 44, ""end"": 74, ""evidence"": ""for 17 dollars im pretty happy""}]",False,False,,,,
t2.1-ai-v1-068,cf528d93f4ccc5468f053ae9,B07FK7ZRBW,1562555875501,"Not sturdy enough, fragile for a teenager.",[],True,False,,,,
t2.1-ai-v1-069,da0554b8735de790af180908,B005669IE2,1374467601000,My granddaughter dances to this constantly - she has all of the Just Dance  DVD's -great exercise too.,[],True,False,,,,
t2.1-ai-v1-070,de694f57ef36cd7152a0ee4e,B01CIEBU54,1550247392131,I bought mic a year and a half ago and it has started to die in a pretty annoying way.,[],True,True,,,,
t2.1-ai-v1-071,e0df04615b908cd1d804e0b2,B00ZWWMMRU,1544771831062,"I received the item, it fits cleanly to the ps4 although a little loose.",[],True,True,,,,
t2.1-ai-v1-072,e26c6a6d6711c49835610bb1,B015XC3B46,1527868177131,You can charge controllers without a wire,[],True,False,,,,
t2.1-ai-v1-073,e6b72d11c75728c33f95c319,B01I3946R2,1518284530450,I have another type of gaming mouse by this company and it's been  a decent gaming mouse that I use with my laptop.,[],True,False,,,,
t2.1-ai-v1-074,e89ce69d0a5a3d2acb2d6023,B07MHNTVBL,1392895325000,"This a Great Sony PS4 Game, my kids just love !","[{""aspect"": ""gameplay"", ""polarity"": ""positive"", ""start"": 31, ""end"": 45, ""evidence"": ""kids just love""}]",False,False,,,,
t2.1-ai-v1-075,eb38e9441d18dc2302a08363,B074G34RY2,1504670773906,Third Steele Series mouse I have owned.,[],True,True,,,,
t2.1-ai-v1-076,eb90eebe7ab8088e95225e9e,B001EYUXWQ,1530581019718,You guy is too strong for Survival Horror.,"[{""aspect"": ""gameplay"", ""polarity"": ""negative"", ""start"": 11, ""end"": 41, ""evidence"": ""too strong for Survival Horror""}]",False,False,,,,
t2.1-ai-v1-077,f22edfa9ac83f2f4a1fe6d12,B00K77WQ3A,1423178075000,"If you are looking for an entry gamer headset that doesn't break the bank, these are for you.","[{""aspect"": ""value"", ""polarity"": ""positive"", ""start"": 51, ""end"": 73, ""evidence"": ""doesn't break the bank""}]",False,False,,,,
t2.1-ai-v1-078,fb4034c676041ec30aaea48c,B00BDR5SO2,1560552437723,What youre expecting!nice,[],False,True,,,,
t2.1-ai-v1-079,fed92caa3f71630cdf641769,B01N9SISEM,1478142651000,Worked well for a month until the sound from the left earphone stopped working.,[],True,False,,,,
t2.1-ai-v1-080,01c523961b252931e09c3ff4,B00HVBPRUO,1398203348000,Pretty comfortable,[],True,True,,,,
t2.1-ai-v1-081,033b7e114e9f6df977a6a922,B0044R8X9U,1350511470000,Unfortunately the new game isn't even remotely as fun as the last.,"[{""aspect"": ""gameplay"", ""polarity"": ""negative"", ""start"": 153, ""end"": 191, ""evidence"": ""isn't even remotely as fun as the last""}]",False,False,,,,
t2.1-ai-v1-082,047e7f9ab550f7ad7e5a40e8,B008U2XH0U,1427982890000,Only 4/5 stars because it did not come with a wrist strap and I thought it should have..,[],True,True,,,,
t2.1-ai-v1-083,07b1f566a0f05737b70d08ae,B000YOCGUO,1434828185000,thanks..,[],True,False,,,,
t2.1-ai-v1-084,0c1c5df21646499c9492dde0,B0055VHUAM,1379556098000,"Once it was fully downloaded, I could not access the game.","[{""aspect"": ""performance"", ""polarity"": ""negative"", ""start"": 98, ""end"": 123, ""evidence"": ""could not access the game""}]",False,False,,,,
t2.1-ai-v1-085,0d395ff21aea34491d4baca5,B07L7QDB7K,1401940317000,they also feel like membrane keys.,[],True,True,,,,
t2.1-ai-v1-086,0ebb065343adbe0f418e6e07,B002JTX78M,1323646577000,the code that come with it is expired the only down thing of the collector's edition,"[{""aspect"": ""performance"", ""polarity"": ""negative"", ""start"": 24, ""end"": 57, ""evidence"": ""code that come with it is expired""}]",False,False,,,,
t2.1-ai-v1-087,10f68fe3805699528ff08dca,B000FSEV2U,1360197801000,I am revisiting this game since a long time ago in Theme Park Roller Coaster for PS2.,[],False,True,,,,
t2.1-ai-v1-088,1427c3fa85caf01bff6d594c,B004ASNIRU,1400071565000,I wish the creators would have kept more towards the style of the 1st majesty.,"[{""aspect"": ""graphics"", ""polarity"": ""negative"", ""start"": 81, ""end"": 105, ""evidence"": ""style of the 1st majesty""}]",False,True,,,,
t2.1-ai-v1-089,173c2978fd2fac25829ec628,B00IAVDQCK,1428286669000,"Just like any other headset, the Xbox One's flaws make it impossible to use any headset half of the time unless you restart you console with the headset plugged into the controller before you turn it on.",[],True,True,,,,
t2.1-ai-v1-090,19f9d318e61fb76c1d37c3f1,B007W5P8TE,1341346165000,completely missed the mark.,[],False,True,,,,
t2.1-ai-v1-091,1c0e5daf7e9fa7bd05d2baa4,B07MQ6DTLG,1456642379000,he finished the game within a few days & now it's just there.,"[{""aspect"": ""content_replay"", ""polarity"": ""negative"", ""start"": 38, ""end"": 73, ""evidence"": ""finished the game within a few days""}]",False,False,,,,
t2.1-ai-v1-092,1c644519b24fb5f4a9c2f5c7,B082KPGL1V,1613313938291,And has pockets for up to 10 of your games.,[],True,False,,,,
t2.1-ai-v1-093,1fe8f9da07481a4eb16e1ec4,B002BWOW54,1439065115000,Requires cooperation between players and persistence to move through the game.,"[{""aspect"": ""multiplayer"", ""polarity"": ""positive"", ""start"": 44, ""end"": 71, ""evidence"": ""cooperation between players""}]",False,False,,,,
t2.1-ai-v1-094,2408aea4db5621e4b48a6dbf,B003Z0BRDQ,1326375577000,I had heard several people had trouble getting this to work on Windows 7.,"[{""aspect"": ""performance"", ""polarity"": ""negative"", ""start"": 111, ""end"": 139, ""evidence"": ""trouble getting this to work""}]",False,False,,,,
t2.1-ai-v1-095,25561b4ea09b4b9786a9f190,B01KHFB2AY,1484508346000,Mine had some sensor/lens rattle,[],True,True,,,,
t2.1-ai-v1-096,27ce79445fabab4c7f881028,B0773CS51L,1562118549547,For Switch it is very easy to apply.,[],True,True,,,,
t2.1-ai-v1-097,3955ac1f397c232bfd55f5b0,B0721GGGS9,1527744557152,Amazing.,[],False,True,,,,
t2.1-ai-v1-098,3cf9e9ee61639a6c44b5683b,B000WMEEBC,1408133104000,no continuous play and the map was larger =( if that was changed it would be so good,"[{""aspect"": ""content_replay"", ""polarity"": ""negative"", ""start"": 19, ""end"": 37, ""evidence"": ""no continuous play""}]",False,False,,,,
t2.1-ai-v1-099,3cfcc280c0b8bb59e76fe990,B000038ABQ,1447275276000,I'm glad I did.,[],False,True,,,,
t2.1-ai-v1-100,4549458bf81880a6b8492774,B00BFOEY4I,1424052594000,not even used for 6 months and this headset is already broken and useless.,[],True,True,,,,
