annotation_id,review_id,item_id,rating,timestamp,text,weak_aspect_suggestions,annotator_1_labels_json,annotator_2_labels_json,adjudicated_labels_json,adjudication_note
t2.1-001,01c523961b252931e09c3ff4,B00HVBPRUO,4.0,1398203348000,"Good sound quality - the virtual surround sound work especially well - and no setup required, just plug the receiver in and go. Pretty comfortable, but still got a bit painful after an hour and a half or so, like every other headset I've ever used. I was concerned about the microphone placement - being built into the edge of the left side - but it picks up everything at a normal speaking volume. Not quite perfect, but definitely recommended.",,,,,
t2.1-002,033b7e114e9f6df977a6a922,B0044R8X9U,2.0,1350511470000,"Ace combat 6 was one of my favorite games early in the life of the 360, so when new ace combat game was coming I was excited. Unfortunately the new game isn't even remotely as fun as the last.<br />The new feature in the game is ""dogfight mode"" which basically puts your plane behind an enemy and pretty much autopilots it for you. It takes little to no skill to beat the game with this, but that isn't the biggest problem, almost every enemy during the single player needs to be killed in Dogfight mode or it's impossible to kill.<br /><br />some enemies are invincible, and you will be autopiloting through explosions and such following the enemy, until they magically die after the sequence.<br />The weird thing about the game is, they added a helicopter portion to the game and a mission as an AC-130, and these are a lot of fun and done right, but the plane portions which the series was revered for were utter garbage.<br /><br />I reccomend renting it, beating it, then never playing it again.",gameplay,,,,
t2.1-003,047e7f9ab550f7ad7e5a40e8,B008U2XH0U,4.0,1427982890000,Used by 6 kids ages 8 and under for over a month now and no issues! Only 4/5 stars because it did not come with a wrist strap and I thought it should have..,,,,,
t2.1-004,07b1f566a0f05737b70d08ae,B000YOCGUO,4.0,1434828185000,"Great fast shipping, System is working perfectly the only reason i gave a 4 star is because the controller's joystick is a little loose other than that great buy.. thanks..","controls,value",,,,
t2.1-005,09a46221c54f94ea55544e5e,B0063IVH1O,2.0,1369711180000,the plastic cover on the part that goes into the tablet comes off every time I try to pull it out.,graphics,,,,
t2.1-006,0c1c5df21646499c9492dde0,B0055VHUAM,1.0,1379556098000,"The PC download of the Sims 3 Pets game took forever to install.  Once it was fully downloaded, I could not access the game.  Very frustrating, especially when you have two kids waiting patiently to play it.  From now on, I will resort to purchasing the DVD version.  That way, if it doesn't work, I can return it and get my money back.",value,,,,
t2.1-007,0d395ff21aea34491d4baca5,B07L7QDB7K,3.0,1401940317000,"i decided to get another keyboard because my old mechanical Dell keyboard was getting annoying it worked great up until i cleaned it out the shift key started to hang up had to put effort into most of the keys before they would register, so i went with PERIXX PX-1100 most of the time i like to play games in the dark so after i noticed PX-1100 had keys that lit up i figured this was perfect the keys feel mechanical but they also feel like membrane keys.<br /><br />PROS:<br />backlit keys<br />boots for none-slip<br />hand rest<br />2 different leg adjust for height<br />media controls play/pause/stop skip backwards/forwards volume up/down volume off switch backlit color<br /><br />CONS:<br />the backlit doesn't light all the keys on the board effectively some of the keys are half lit or none lit, all the keys on the left side are lit like there suppose to but from the *ENTER* to the right some of the keys are lit and others not so much Uhmm.... as i look at the arrow keys i'm like *facepalm* why is the left arrow lit up brightly while the up/down/right arrows are almost black or don't see any red glow through the keys? much can be said about the other keys as well there lit but so black Barely can see them even in the dark you can just make out what's on the right side of the keyboard but the keys on the left is bright enough its just right.<br /><br />CONS: 2<br />the space bar has this really weird squeaking noise.<br /><br />honestly the keyboard is pretty good but for a keyboard that's nearly $60 bucks anyone would expect to get a keyboard worth the money not going over board but as for me i EXPECTED THE BACKLIT TO LIGHT ALL KEYS BRIGHTLY not so much with the PX-1100 i'm very temped to send this keyboard back because the keys looks so horrible with half brightly lit while the other half is hardly lit at all.","gameplay,graphics,controls,value",,,,
t2.1-008,0ebb065343adbe0f418e6e07,B002JTX78M,4.0,1323646577000,Is a great game but the code that come with it is expired the only down thing of the collector's edition,,,,,
t2.1-009,10f68fe3805699528ff08dca,B000FSEV2U,5.0,1360197801000,"One of my favourite childhood games of the 90s with Roller Coaster Tycoon!  I am revisiting this game since a long time ago in Theme Park Roller Coaster for PS2.  I can't wait to get the GOLD EDITION!!!!  :D.  More rides, better quality!!!!!!",,,,,
t2.1-010,1427c3fa85caf01bff6d594c,B004ASNIRU,3.0,1400071565000,"the game was enjoyable, but I wish the creators would have kept more towards the style of the 1st majesty. the heros have less of a personality.",,,,,
t2.1-011,173c2978fd2fac25829ec628,B00IAVDQCK,3.0,1428286669000,"It's a good headset...when the Xbox One console detects it. Just like any other headset, the Xbox One's flaws make it impossible to use any headset half of the time unless you restart you console with the headset plugged into the controller before you turn it on.","graphics,controls",,,,
t2.1-012,1776e34651ee1de8eaba25bf,B002P69VAC,3.0,1533051794898,OK,,,,,
t2.1-013,19f9d318e61fb76c1d37c3f1,B007W5P8TE,2.0,1341346165000,"This is a game that had a TON of potential, but completely missed the mark.<br /><br />I was extremely excited for all that this game promise.. This game promises No Classes, No Levels, Total Freedom of Play...the reality of the game is quite different.<br /><br />I think everyone understood there was some wiggle room in their marketing statements, as there would be some type of progression and ""leveling"", which there is.  Instead of the traditional leveling, you earn Skill Points and Ability points and apply them to a ""skill wheel"", which unlocks different skills for different weapons.  This ultimately allows for a single character to take on any role in the game.. wanna be a tank, switch weapons, wanna be a healer, switch weapons, so the only real reason to create an ""alt"" is to join a different faction or for cosmetic purposes.<br /><br />Unfortunately, where the game goes horribly wrong is in the forced progression curve, which winds up being far more restrictive and linear than many of the other MMORPG's I played (including SWTOR, which had a very linear and specific storyline to follow).<br /><br />The usual MMO experience is you move into a zone, pick up all the quests, do the quests, gain experience ""clear"" the zone and then move onto the next, harder zone.  Some people choose to focus on one quest at a time, some people follow a specific storyline, and some people grab everything in place and grind through quests as fast as possible... Secret World is NO DIFFERENT in set up.  If you do not clear most of the zone, you will not be powerful enough to move onto the next zone.  However, unlike other MMO's, Secret World restricts HOW you go through the zone and forces you to constantly backtrack in a forced time sink.<br /><br />In The Secret World, you accept mission A from character A. On the way to your objective you encounter character B who requests you also to complete a task at the same place. You go to accept this new missions thinking ""cool, I can kill two birds with one stone"" and you get a warning window that you must ""pause"" quest A to accept quest B. If you choose to pause quest A and take quest B, you have to go back to character A to ""unpause"" quest A, leaving you to run back and forth over the same ground several times... and it isn't just character A and B, you come across character C, D, E, F and G along the way and each time you talk to them you are told you can't accept their missions without abandoning the mission you are on... Freedom of play? Why can't I get BOTH bandages and medication from the pharmacy at the same time?? No, I have to get the bandages, return them to character A, then find character D again, go back to the same pharmacy and find the medication and return it to character D and then hunt out character B who wanted water from the store which was right next to the pharmacy.<br /><br />The developers have offered several conflicting excuses for this baffling limitation, everything from ""memory problems on the backend"" to it being a high level decision made to force you to get immersed in each mission, instead of treating characters like mission hubs. Ultimately, one honest dev admitted that if they removed the limitation it would break the progression curve and they would have to reduce the amount of experience you gained from each mission and people would complain there isn't enough content. (ie, we need to force you to run back and forth because you would progress through the game too fast if we allowed you to follow a logical progression.)<br /><br />This brings me back to the main selling point... ""TOTAL FREEDOM OF PLAY"" If I am someone who chooses to grind quests, why is there something wrong with that? If am someone who WANTS to focus on one quest at a time, great. If I want to do 3 at a time, why am I not allowed to make that choice? They made it 100% clear in the forums that this system was NOT up for debate and would NOT be changed under any circumstances.  This non-intuitive questing system made the game feel like work, rather than fun. I was looking for a game that offered more freedom of gameplay and this felt exactly the opposite.","gameplay,story,content_replay",,,,
t2.1-014,1a82cae196e28ba43bb99d30,B097B8PBL5,5.0,1672216994853,Very fun but can be a bit difficult at times,gameplay,,,,
t2.1-015,1c0e5daf7e9fa7bd05d2baa4,B07MQ6DTLG,4.0,1456642379000,My 8yr old son loved the game. But he finished the game within a few days & now it's just there.,,,,,
t2.1-016,1c644519b24fb5f4a9c2f5c7,B082KPGL1V,5.0,1613313938291,"Sturdy well made case, protects your Switch during travel. And has pockets for up to 10 of your games. Only wish it had more pockets!",,,,,
t2.1-017,1fe8f9da07481a4eb16e1ec4,B002BWOW54,5.0,1439065115000,Grandsons 7 and 9 love this game.  Requires cooperation between players and persistence to move through the game.  Find walkthroughs on internet if get stuck.,multiplayer,,,,
t2.1-018,21063f9209f9c96065482fd4,B0863VBLKL,3.0,1631919541883,"No one, i mean no one, is able to hear me clearly using this. I have updated my settings and made sure I speak loud and clear but no one is able to hear me loudly or clearly. I bought it for work and for gaming. (I am a work from home customer service rep) and i was disappointed and was not able to use it at all for taking calls or gaming with friends online. I would return it and get my money back but thats too much of a hassle so they are pretty much just cute headphones lol","multiplayer,value",,,,
t2.1-019,2408aea4db5621e4b48a6dbf,B003Z0BRDQ,3.0,1326375577000,"First let me say, I am a software engineer and I install software all the time. I had heard several people had trouble getting this to work on Windows 7. I had the same problems with a new Dell laptop purchased for gaming. It seems that the intro video that is baked in to the game causes the PC to hang when you launch the game. Find that file and watch it (it's a good little movie of time passing in history) and then delete it. The program will get stuck for a few uncomfortable seconds when you launch the game but will then carry on. Sometimes it won't make it to full screen though and you are stuck playing in a window.<br /><br />The Steam game management program that Civ runs under is also some trouble and an unnecessary complication I wish could be avoided. The install also put DirectX 9 over a newer version (grrrr..) and though the game tries to let you choose which version of DirectX to run under, you are best off just picking 9 when you launch it.<br /><br />If you make it to playing the game, you will really enjoy it! Unfortunately I know several people who got the game for Xmas and still haven't been able to play it. I guess I will need to find time to visit them and mess with it until it works.",story,,,,
t2.1-020,25561b4ea09b4b9786a9f190,B01KHFB2AY,3.0,1484508346000,"The weight, shape, and sensor are fine.<br />Mine had some sensor/lens rattle, but I ultimately returned it because the left and right click (especially the right) were extremely difficult to press.  After 30-45 minutes of gaming, my hand was so tired I had to stop, something that has never happened to me before.",,,,,
t2.1-021,27ce79445fabab4c7f881028,B0773CS51L,3.0,1562118549547,I got this for both of my Switch and PS4 controllers.  For Switch it is very easy to apply.  But it doesn't really fit the PS4 controller as the picture shows.,controls,,,,
t2.1-022,31c6d10c1425914a22e20c59,B09QSMFLT7,2.0,1683394122816,"I wanted to love this charging dock, but the front light doesn’t work! I bought two, one for me and one for my mom. Mine has been great, but upon setting my moms up, we found that the front light didn’t work. Processed an exchange and got a replacement for her, and now the light has gone out on that one and we haven’t had it very long! It charges well, just no light. :(",,,,,
t2.1-023,3524cfb39da7090884477ca8,B0995TQ2PX,4.0,1651553293890,The F1 key LED doesn't light up on the one I received. Adjusting the lighting is not straight forward as it should be. After digging online I found the software and was able to customize it with a per key lighting setting instead of global built in effects. I took one star off mostly for the key that would not light. Otherwise for the price this is good for a decent keyboard that is among the brightest available. Keys are quiet with a soft touch.,"multiplayer,value",,,,
t2.1-024,3955ac1f397c232bfd55f5b0,B0721GGGS9,5.0,1527744557152,&#60;3 - My childhood. Amazing. Love this thing.,,,,,
t2.1-025,3cf9e9ee61639a6c44b5683b,B000WMEEBC,5.0,1408133104000,Love this game but no continuous play and the map was larger =( if that was changed it would be so good,,,,,
t2.1-026,3cfcc280c0b8bb59e76fe990,B000038ABQ,4.0,1447275276000,"I never had this game as a kid,and just heard of it recently, but I'm glad I did. It is a intense racing game with an great soundtrack that is a lot of fun to play. If you like fast-paced racers, I highly recommend it.",gameplay,,,,
t2.1-027,3f9cf445c8a86f8f0932cb2f,B084RQC57V,5.0,1689663738131,"[[VIDEOID:7075c9eec9c9d932dfa7a8e672ee2a92]] Overall great keyboard so far.<br />Build quality is more than decent for a 55$ keyboard with hot-swappable switches.<br />It came with a usb to usb-c cable, extra switches and a tool to remove keycaps & switches which is a really nice addition.<br />Personally, I think it's a mistake to get Gateron Blue Switches here, I should have went with the red/brown switches because on this keyboard (with no mods) blue switches sound really bad.<br />Switched to Gateron Clear Switches (35g) for typing tasks- It makes the keyboard sound pretty good with no additional effort (for gaming I'd use yellow/red/brown).",,,,,
t2.1-028,3fa236035dc71a313e904e4c,B07JFG5KFQ,1.0,1685079471145,Bought this for my son for the “new” price but it was open. Wasn’t sealed or wrapped. Very disappointed.,value,,,,
t2.1-029,4549458bf81880a6b8492774,B00BFOEY4I,1.0,1424052594000,"Purchased item Oct. 21, 2014, sitting here now and now (Feb 15, 2015) the left side has broken off. not even used for 6 months and this headset is already broken and useless.",,,,,
t2.1-030,47071fc24b3e45c6ed2dd748,B000V8G1CC,1.0,1363958998000,"I bought these along with controllers, and thought I was getting a quality product, but instead got something that would not charge at all, and then customer service acts like its your fault when this garbage is faulty.",controls,,,,
t2.1-031,4aca3897cd30f8488fec7907,B07NLL17W7,5.0,1556476308949,Good,,,,,
t2.1-032,4c3382e6ef878ad0d7be062d,B079Y44LDC,4.0,1672021738150,Fun game,gameplay,,,,
t2.1-033,4c87c64dd861d020631aeacc,B001EYUNWQ,1.0,1320792518000,"We bought this to find out it does not run under OSX Lion.  It says Mac Compatible in the add on Amazon, this is a LIE.  Don't buy this unless you are running something that is Rosetta Compatible, This is false advertising to not include this on the website.  We didn't find out until we tried to install it on our Mac Mini.  The site even says OS X compatible.  SHAME ON YOU Amazon.  OS X has been Lion for several months now, you had better review your software compatibility facts and point out those that are NOT OS X COMPATIBLE.",value,,,,
t2.1-034,4caa50543058cf4daf1a5325,B07XTN79W6,3.0,1617305598238,Gets dirty real fast fingerprints everywhere,,,,,
t2.1-035,4e81ecdb80f2535c0019446b,B005JQNEO4,4.0,1646589956985,It was great getting to play my favorite Silent Hill again without dusting off the PS2 but avoid the new voiceovers. The HD upgrade is pretty nice in spots and wasn't overly glitchy (only played Part 2) but the modern voiceover is a travesty and was completely unnecessary.,"graphics,performance",,,,
t2.1-036,50192e54b5c8106d29937864,B000S6AG9G,5.0,1483652373000,Extremely useful for Nintendo products that require this tri star tool!,,,,,
t2.1-037,50354bf4975894ed82349947,B00CF7KVMI,5.0,1388144142000,This gets 5 cuz it's awesome overall. The only thing I would change or improve is the servers for the online team play. They suck balls. But since I don't play it that much then I can't complain.,multiplayer,,,,
t2.1-038,50be2d1a5f24d3f62fc14e6f,B0C1K1R6HK,1.0,1659290924836, ,,,,,
t2.1-039,516e4998c8f57a808c60cfbc,B000X8C3YU,1.0,1412782040000,did not work,,,,,
t2.1-040,532e621414ce0de463c1f51b,B0862GHVT9,4.0,1678310059101,"The package coming fast and in the time , the game work without problems .",,,,,
t2.1-041,5423bb25c066638559885511,B07BGX533Y,1.0,1622642474557,"The replacement micro switch for the L button is taller than the original and the housing won’t close correctly, so the L button binds and won’t press when the controller is assembled",controls,,,,
t2.1-042,549eb59eacfa830b13830ea4,B08JC7NCP7,1.0,1677977081474,"Product was working fine, but after months of use the keyboard keeps disconnecting, even when I am already typing severe delay are appearing i sometimes needs to type 3 or 4 times on the key for the character to appear on the screen. Also very often the opposite happens you press the key once and the character appears 4 times on your document. Disappointing experience overall would not recommend. And will probably never give a chance to that brand again.",story,,,,
t2.1-043,5a18b24ec25e91fb578a0c20,B07YBWT3PK,1.0,1457975330000,False codes DO NOT BUY,value,,,,
t2.1-044,5b5022fb7089df9c11407f0e,B0000E5U6M,5.0,1462984986000,Does what I needed! Was looking all over for my old cable but realized it was long gone. This is the real deal authentic Nintendo link cable and I am very satisfied?,,,,,
t2.1-045,5e396b38052f569772a22c9b,B00WL7IK7A,5.0,1445993254000,Great Heroes game!  You know what you are getting if you are a fan of the series.  Better than 6.,,,,,
t2.1-046,6e944e206bc0b14fc00c74b0,B00029QR7O,4.0,1372177594000,"Considering it shipped in a week from across the pond,  was impressed. However, once I installed the three disk set, I found there to be differences between my old civ 3/conquests and this copy. Although they were slight and a a first timer wouldn't care too much, they fell back to problems that the original version had, causing much more micromanaging than before.<br />All in all it shipped quick and most of the iconic gameplay was unaffected, the game received did not match what was stated.  Therefore, I could not give it a 5.<br />-sig",gameplay,,,,
t2.1-047,71115fdcb1bbbeffb6b18a11,B00ZP9XO9U,2.0,1467010849000,"I've been a huge Mega Man fan since I was a kid renting Mega Man 3 from a local video store. I've grown to hate Capcom over their disregard for Ithe series, so I was excited for Inafune's spiritual successor, and was eagerly awaiting Mighty No. 9's release since it was first announced. But now that I have it, I feel deeply saddened to say that this game fails to do the Blue bombers legacy justice.<br />I understand that my expectations for it were high, as with most Mega man fans, and that could bias my opinion of the game,  but the fact is that Mighty No. 9 just.... sucks. While the graphics and performance are both pretty bad, it's the actual game play that kills this game.<br />The game play focuses on your ability to dash into wounded enemies to absorb them. The execution of this is so painfully bad, I don't understand how anyone could have played it and said, &#34;Yeah, this'll work.&#34; Damaged enemies don't stop attacking once they become absorbable, meaning that you'll dash into bullet frequently. Also, the idea is that absorbing enemies will give you buffs, but this element feels half-baked at best. Temporary buffs to attack or speed seem nice, but they don't fit into the game well. The level design is pretty horrid. The levels drag on and on. Life replenishes are few and far between and the game is chock full of cheap hits and instant death. And the bosses just suck.<br />I wanted to love Mighty No. 9, but it seemed hell bent on me hating it. If you are a Mega Man fan, this game will break your heart. It makes Mega Man X6 seem good. Yeah.","gameplay,graphics,performance",,,,
t2.1-048,7aa30fc88751aff44761cbea,B0BYYQ45RC,2.0,1679548335097,Got this for my sons gaming computer and set it up over night. The keyboard did not work out of the box. Mouse works just fine tho. Had to go out and buy another LED keyboard and mouse combo before he woke up.,value,,,,
t2.1-049,7ac4b42dcb49b151bd3dddf3,B000059P7G,4.0,1382551023000,"I'm no spring chicken, but I never learned how to play the game and didn't really haven anyone around me who played regularly or was willing to teach me.  This software really helps to break things down and it's entertaining for both kids and adults.  I play only against the computer so I lose every single game, but I still try.  There is a Basics section for adults like me (or kids) who haven't played before and need to know the rules of the game.  The basics section also has basic exercises for practice.  There are different practice levels so that beginner to expert can play the challenges.<br /><br />I have Windows 7 64bit and I had to look up a short online tutorial on how to make it work on my OS, but it was easy as pie. I think one of the reviewers here mentions how to do it.  Takes only minutes to install.<br /><br /> It seems like an old program that can use some updating, but it does what it's supposed to.  You can choose different types of chessboards besides standard.  There's a super-hero chessboard where all the pieces are super heros (but not your standard marvel ones) and a ""beginner"" board which in my opinion is too cluttered looking to be very useful to a beginner.  I am a beginner and I find the standard 2D board to be best for me.  This has exercises for both the novice and the expert including a championship training section.  The guy on the cover is the one who does the coaching in the chess coaching section and he is not boring to listen to.  A big con however is the fact that the CD must be in the computer for the program to run even after installing.","gameplay,multiplayer",,,,
t2.1-050,7dd1c193bf1d04c10c78abb2,B00KO4ULZ6,4.0,1429586472000,Very fun lots of levels.,gameplay,,,,
t2.1-051,7f929fdf9f4e1f7a43f5b701,B00118T6G4,1.0,1210036159000,"I've been really, really trying to look past the bugs in this game, but I've finally hit my breaking point.  This game is so full of bugs that it's unplayable.  It literally freezes about 15% of the time for me.  And no, it is not my Xbox.  As a software developer, I understand that you cannot fix every bug or else you'd never ship.  But to deliver a product with massive defects is inexcusable.  Add in the fact that the opposing pitchers never throw balls and there is no contact swing, that seals the deal.  2K Sports -- epic fail.  I will not be buying MLB 2k9 no matter what.  [...]","performance,value",,,,
t2.1-052,7fc3bfc1acf963b88647458f,B00GIK3YAO,3.0,1417390167000,"What I liked:<br /><br />-Being able to charge your phone on the go<br />-Xbox 360-like button setup<br /><br />What I didn't like:<br /><br />-Dpad is clunky, making fighting games impossible to play<br />-Bluetooth connectivity is inconsistent/intermittent<br />-No option to connect via USB<br />-Noticeable lag<br />-The hinge that holds the phone doesn't go back far enough, so you're forced to hold the controller at an angle for the best view<br /><br />I'm hoping MOGA addresses these issues for the next iteration.","performance,controls",,,,
t2.1-053,80c6d70f04b8c46a19c32d59,B07Y52Q8CS,3.0,1601613351400,"I've tried using the included audio splitter and one from my old V-MODA BoomPro. But either way, the microphone picks up desktop audio. Even when the mute switch is activated (my voice doesn't get picked up, but desktop audio does).",,,,,
t2.1-054,8201ca1bb6d001e586aa8880,B09TQBJCJ6,5.0,1672170613372,My grandsons loved it.,,,,,
t2.1-055,82414b419fd283124da22adb,B00E1L78N6,1.0,1394601969000,"These headphones are comfortable, and the sound quality is fine.  But none of that matters because other players complain constantly that my voice sounds far off and hard to hear.  The in-ear microphone does not appear to be as effective as a microphone in front of my mouth like most gaming headphones.  I am returning this product as quickly as I can.",,,,,
t2.1-056,845e8169df6f3553faa62c48,B07CV6LH3V,5.0,1547300570804,Extremly happy with this purchase. Its very good case for my nintendo switch . Highly recomend it,,,,,
t2.1-057,8b6d4c8cd0675e759dc3249a,B00BU3ZLJQ,5.0,1419873296000,"Bought this for my son, he loves it.  Kind of disappointing though he can't play PC servers, so now he has to make new friends on this console.",,,,,
t2.1-058,8b8607b06639dcb086e28227,B098815CMR,5.0,1642706819240,My teenage grandson was excited to receive this. It is different from his other Mario games with new challenges.,,,,,
t2.1-059,8fe4cff789ec86ee7564efec,B07BR3RWBP,2.0,1543882185618,"Build material is great, but the sound quality is not great. It feels way too small, especially the padding as it barely fits me.",,,,,
t2.1-060,94573b02fb4cab80838ea351,B08HGRRSW5,1.0,1614446132381,Doesn’t fit,,,,,
t2.1-061,946ac00c57e849affa25fd27,B00BGA9X9W,1.0,1387704619000,"it is not working & freezing most of the times specially when you r playing sport games ,this is not gd",,,,,
t2.1-062,94702310f36dc43630f8429a,B098VVRH1T,4.0,1606622402926,"So I have a pimax 5k, and upgraded to this 8k.  And it is a noticeable upgrade in SDE and resolution.  The upscaling mode works great. because if you can run the 5k, you can also run the 8kx.  I've also owned other headsets:  Samsung odyssey, Oculus Rift S, HP Reverb.  Now I gotta say that the 8kx's FOV cannot be beat.  It's the reason why i stick to pimax.  However, the FOV is the only advantage.  The contrast, color vibrancy is admittedly slightly, barely worse than any of my other headsets.  It was actually noticeably worse actually, before the latest pitool update which allows you to adjust the backlight brightness slider.  Set it to 90 and now vibrancy isn't an issue.  Is the big FOV worth the double price tag and slightly less vibrant colors?  You decide.  But for me, it's worth it.  I've tried to enjoy myself in the rift S and reverb, but I just couldn't lie to myself:  the narrow fov is way more distracting than the slightly less colors of the pimax.<br /><br />Also I guess I'll complain about the lenses of the pimax.  they're ok, that's it.  I don't know how oculus does it, but even with the rift s's lower resolution, it managed to get rid of the black void between pixels that comes naturally with low resolution.  it's got an anti-aliasing film on it or something, which is what pimax needs to make it magical.  But as of now, it doesn't.<br /><br />Also, the cable that I got was giving me problems:  I would shake it and loose the image, and the headset LED would turn red.  Oddly enough, the problem went away.  However, when I plug in a pair of headphones into the headphone plug, there is a very loud buzzing electrical noise in the background.  It tells me that there is still something wrong with the cable.  I have a workaround for the buzzing for now:  plug headphones into computer output jack instead.  But I worry that the rogue electrical signals could fry the headset in time.<br /><br />And lastly, the default audio that comes with the pimax sucks, as it floats above your ears and sounds very nasal.<br /><br /> I talked to pimax customer support, and they totally ignored the audio issue I had and are only focusing on the intermittent video that I first reported.  It seems like I will not be getting a replacement cable and will have to buy a new one myself.  If I did not have the audio issue, I would've given it 5 stars.",value,,,,
t2.1-063,9658578ab17b82ea1794b43b,B01I7P49QA,1.0,1489531863000,Controllers constantly fall of the base and will not charge. Only holds a charge for a couple hours. I would rather pay the price for AA batteries than buy this again.,"controls,content_replay,value",,,,
t2.1-064,979aeae5aa4967f071058fd8,B011KQP0K2,2.0,1466207729000,I gave this Case 2 stars because it held together when i dropped it. The reason why I didn't Review 5 Stars is because I received the case on 6/16/16 and it broke on the 17th of June. The joint holding both of the cases together broke off and the Case slips right off. I wish i could get a refund,gameplay,,,,
t2.1-065,984af8672ace0832cea2cd30,B07L5FKGQH,4.0,1564429738403,"I have a low-tolerance for sandbox-style games that gloss over paper-thin plots in the hope that randomly-generated encounters will make for fun gameplay. I don't have the time to wander around all day hoping to find a way around a mountain with trolls guarding it...only to be killed by wolves over and over (I'm looking at you, Skyrim and Fallout). Which is why Far Cry: New Dawn is such a pleasant surprise.<br /><br />Far Cry gets right down to business with a plot that's familiar but serviceable -- you're a fixer sent to help a town get on its feet in a post-apocalyptic 2035. The train you're on is (literally) derailed by the local warlords known as the Twins (Mickey, voiced by Cara Ricketts and Lou, voiced by Leslie Miller). They attempt to forcibly recruit Thomas Rush (Patrick Garrow), who has all the skills necessary to get a community back on their feet. In the ensuing chaos, your character known only as the Captain escapes, forced to leave Rush behind with the Twins. From there, you're recruited by Carmina Rye (Reina Hardesty) to help get the teetering community of Prosperity back on its feet. But instead of peacefully helping civilians, you're recruiting for a war -- by doing favors for other locals, you hope to bring them together in a united front to defeat the Twins. If this sounds a lot like the plot of The Walking Dead (substitute ""Negan"" for ""The Twins"") you're right.<br /><br />It's getting there that makes the difference. There's of course a crafting system that relies on found materials like metal parts and duct tape. There's vehicles to ride and companions to recruit with each successful mission. It's a good thing too, because Carmina is really annoying. We immediately set out to recruit an adorable dog known as Timber. You can just pet Timber, and he acts like a good dog -- but he's also a vicious killer who will tear the throat out of any bandit that opposes you. There's plenty of things to kill too, including bears with attack animations that are so realistic that it's traumatic to go experience. With a system entirely revolving around finding places to go and people to kill, the game clips along at a decent pace. If it has a flaw, it's the absurd amount of swearing, which jumps over the line from ""okay, it's a rough place so people swear"" to ""look we can swear, FUUUUUUUUU--""<br /><br />This is a game that awards casual play -- it's to jump in and out. The world is beautiful and reactive; if you stand around long enough, someone will inevitably pass you by and someone else will inevitably try to kill them. How you react is part of the fun. I had flashbacks to the adventures I enjoyed with me and my pooch in Fallout 3...a high bar, I suspect, every post-apocalyptic game has tried to achieve ever since, including the Fallout franchise itself. Far Cry: New Dawn comes pretty close, and that's high praise indeed.","gameplay,story,graphics",,,,
t2.1-066,9a46054dbac8011c03a9aade,B00HTK1NCS,5.0,1456198926000,"Looks excellent, especially for the price. Very sturdy, especially the cable, although I might have been expecting more heft from the counterweights.",value,,,,
t2.1-067,9ffa2a4e4ac7818fa70af484,B0009WH7DM,1.0,1136730868000,"Stay away from this game, unless you enjoy playing error prone poorly programmed video games.  I have a high end PC that easily meets the requirements to play both the retail, and the high-res downloadable version.  This game is pathetic.  If you want King Kong go see the movie.",,,,,
t2.1-068,a000a342c1c1e383a4542ed0,B01N3ASPNV,5.0,1510168996414,Product works great!  Very easy application.,,,,,
t2.1-069,a04ba8a1619231e52b09edc6,B00YQM1PNY,2.0,1564790921571,"As I was opening the package the game came in, I heard something shifting around. Opened the case and sure enough... The game was floating around in the case. Hopefully it has not been damaged, I am testing it right now. Kind of disappointing to have the excitement of buying a new game dashed by being worried that it might have arrived broken.<br /><br />UPDATE: The disc works, but still disappointed in the fact that the game is new and this happened.",value,,,,
t2.1-070,a392eb658c131765fd3abb25,B07B3VCY5M,2.0,1684680413426,"Only owned the device for less than a year. Although it worked well initially, at some point something has gone faulty and it alternates between syncing the image and dropping completely, no image or sound. Does not seem to be made with quality components. Hard to justify at a $40 price point.",value,,,,
t2.1-071,a8322708205eec845fca1686,B0BZJ78GC2,2.0,1681836053569,"Got this for my laptop. My first impression is very good. The mouse looks even better on hand than in the stock pictures. I love the green paint job with the gold line pattern, makes it look really nice. The grip is good and really comfortable in my hand too. The click is very quiet, so it would suit people who often work at night. But that's all I can say about it because mine didn't work, even after I tried many batteries. There is still a ""QC passed"" stamp, but when I received it, the Bluetooth receiver was not in place.",,,,,
t2.1-072,ac7ced89d49b162149bce653,B0000512E9,4.0,1358100084000,It worked just fine.  Thanks  I can't complain at all.  Just need some some foot pedals to compete the setup.,,,,,
t2.1-073,acc6ad52c2c5c64cfb1027e6,B073BVHY3F,2.0,1585668750414,The product is awesome but rating was affected by one of the two controllers arriving broken and unusable.,controls,,,,
t2.1-074,ad77204c3af96e3590bce88f,B07YBXFDYN,3.0,1368139360000,It was used when I bought it so I didn't expect anything great.  They lived up to my expectations on this one.,,,,,
t2.1-075,adf824b836173e957d754b7f,B008M502H6,4.0,1375383758000,"Deadpool has to be one of the most outlandish and immature games ive ever played, and i love it! Deadpool could easily be compared to Devil may cry but its the humor that makes this title shine. While the graphics arent the best and it does get repetative its still fun to play and like another review said u dont have to be a Deadpool fan to enjoy it. So if your looking for a raunchy and over the top experience then look no further, u found it. Highly recommend!","gameplay,graphics",,,,
t2.1-076,af27f2abe8adaf873c03e38e,B07S7HMXYK,5.0,1546842214572,Product was great. Son loved it :),,,,,
t2.1-077,b347be06a2e99b2599223fba,B001QT8RGS,3.0,1244503373000,"To start with,<br />The good:<br />Drakensang is a beautifully rendered game. A classic RPG in the style of NWN and KoToR. It has a rich, in depth story that engages both your senses and your mind. All while delighting you visually, and keeping the action moving with the simple yet elegant interface. Lovers of KoToR will really recognize the similarities here.<br />I don't think I have ever heard more fitting music for a game. It suits the mood every time and helps to create a wonderful atmosphere. Sound effects and voice acting are well done as well. And finally, that brings me to the strongest part, the graphics. The graphics for this game are honestly perfect. While there may be better looking games, the balance this game achieves between being visually spectacular but not too distracting is really quite remarkable and very necessary for an RPG of this depth. This game is a real treat to play and I would highly recommend it to RPG Lovers.<br /><br />The bad:<br />Unfortunately, this game does have it's dark side. The bugs. Mostly, they stem from trying to get the game to even boot up. Now with most games, I have come to expect some minor tweaking of both hardware and software settings to get the game to run; however, with Drakensang these tweaks become repetitive and irksome at times. First this game has a conflict with internal modems, especially those that it recognizes as a ""sound modem."" I don't even think my computer has a sound modem but anyway, every time I want to run the game, I have to go to control panel and disable the modem. This isn't too terrible of a conflict but it becomes a real pain as every time I want to play the game I have to do this because of course when you shut down your computer, the modem is recognized and enabled upon restart. That is a minor issue but frustrating none the less.<br />The most frustrating issue with this game is getting past the copy protection software at start up.  The game will not start and it tells you to enter an original copy of the disc, which is funny because I have not made a copy and I only try to run the game with the original disc in the drive. I am not exaggerating when I say that there have been times when I have had to start the game 7 or 8 times before it recognizes that I am not running a bootlegged copy. While I recognize the need to safeguard against bootlegged copies of the game to ensure that the developers turn a profit, the terrible copy recognition software makes the game almost not even worth playing because it's time consuming just trying to get it to run. And as far as I know, as of this posting, there are no patches yet available that fix any of these issues. And if there are, good luck finding them because the developers have created a vicious circle bouncing you back and forth between their web sites (some of which display in German at first until you can figure out how to make it display in English), as your trying to find help.<br />Suffice it to say that I am not the only one having tech issues with this game as well. The web is alive with horror stories from people trying to run this game. I feel fortunate that I can get it to run 1 out of every 3 to 4 times I try to start it.<br /><br />All in all, if you plan on purchasing this game be prepared to show some patience. This game is very finicky. Which is sooo! disappointing because when it runs it's a superb experience.","gameplay,story,graphics,performance,controls,value",,,,
t2.1-078,b3dce20c738a3b9e1086d888,B001ELJPX2,3.0,1325896270000,This game had the potential to be really fun... but the difficult controls and intensity of the different challenges just made Zoo Hospital kind of terrifying to play. I don't think many kids would enjoy playing this beyond the first 30 minutes.,"gameplay,controls",,,,
t2.1-079,bb350ace236faecd49cc6606,B0836T7T7D,5.0,1597732239689,"Because Nintendo switch does not have Bluetooth, to be able to use chat, you have to have 1 of these transmitters. There are a lot of these being offered now on Amazon by assorted Chinese companies. From what I can tell, the vast majority are the same, simply being sold by different companies. Super easy to set up and works very well. Of course you will need your own headset or earbuds. Made in China.",,,,,
t2.1-080,c031c20bc508ef47984fd688,B08KZ66KV5,2.0,1671335167475,"barely started i'll see how things go i  havnt  played racing game for awile... super bothersome you have to go max speed  try to avoid the ""track walls""  some reason the other cars dont worry about hitting each  but if you hit some car  and there will be some  you could be wrecked and even being placed on track you lose time  its all out fight  for first  or any hold place really. i couldnt locate  a mode setting so looks like  each car has same  speed  the AI will  race better than player  game seems different from original ps2 days no sign of police on first race. i'll try again but geez people it shouldnt be a miracle to win a race after re racing the track a few times so i wonder if developers really raced a car  and easily won",graphics,,,,
t2.1-081,c13c0f48fb86971f259aeb73,B0006B5LQ6,1.0,1360540040000,I received the games but there were problems installing it and i didnt have a reg. number to register it with,,,,,
t2.1-082,c25f59f81cdc8746f0c513d9,B0B2RQXT92,4.0,1577738695417,Nice set for the price.,value,,,,
t2.1-083,c3c72f95f7aee61d0d4165f6,B073BCKHK1,5.0,1692131363510,I got this when I was getting the guitar hero ds games and grip so I could show my wife some of the things from my child hood and I had the flames skin in my grip when I was a kid.,,,,,
t2.1-084,c4d889feee42eed9dc314ddd,B00PY6MSTQ,5.0,1448281098000,excellent,,,,,
t2.1-085,c867188bb09773d0071ff569,B017QU5G1O,4.0,1561513919631,Super clean and packaged nicely. Obviously don’t be rough with it but will occasionally not align right when sliding the controller into its slot. Other than that 4.99 stars!,controls,,,,
t2.1-086,c8b427f90cd757f3c7d23e43,B09CVKG3DD,4.0,1569461356822,"I just got the keyboard today and I can say for 17 dollars im pretty happy. The keys are about as loud as the come (so I wouldn't get this if you're going to use it around other people). The key wobble is also massive on large keys such as the shift key (but the space bar luckily is pretty stable). Unfortunately, I just got this and the led under my Numpad 0 was broken when I got it. The LEDs are very bright and look pretty nice. They do all sorts of effects but they are not color-changing (Each key can only be the color shown in the picture). The keyboard overall feels fairly sturdy and it is clear that the plastic is thick and durable. If your a huge stickler for keyboards I definitely wouldn't buy this one but if you are looking to game on a budget or just want to try a mechanical keyboard this is likely the perfect product for you.","gameplay,value",,,,
t2.1-087,cf528d93f4ccc5468f053ae9,B07FK7ZRBW,3.0,1562555875501,"Not sturdy enough, fragile for a teenager.",,,,,
t2.1-088,d6881ab538d3a95b5072ccc4,B0C6DH316S,4.0,1630517127833,"My son has been using this headset for his more intense games like Call of Duty and since he is at it for hours, he says it is very comfortable with amazing audio and clear audio. The drivers provide an impressive bass and intense experience and the mic works great too without any extra background interference. It is a terrific headset at a decent price for the gamer who wants to be immersed in their world.","content_replay,value",,,,
t2.1-089,da0554b8735de790af180908,B005669IE2,4.0,1374467601000,My granddaughter dances to this constantly - she has all of the Just Dance  DVD's -great exercise too.  Arrived in perfect condition,,,,,
t2.1-090,de694f57ef36cd7152a0ee4e,B01CIEBU54,4.0,1550247392131,I bought mic a year and a half ago and it has started to die in a pretty annoying way. I will constantly have to unplug it and plug it back in because I get told that my mic is cutting in and out.<br /><br />I would say the build quality feels good and I can hear footsteps and shooting well when playing games. I can't speak for music because I wouldn't use these for that.<br /><br />I would say if you find these on sale somewhere for $50 I'd pick them up but don't spend $100 on them.,graphics,,,,
t2.1-091,e0df04615b908cd1d804e0b2,B00ZWWMMRU,2.0,1544771831062,"I received the item, it fits cleanly to the ps4 although a little loose.  You can disconnect it unintentionally  by unplugging you charging cable or other connected device.  Took a couple tries for it to recognize my Western Digital external hard drive.  What it does do is interfere with the controller connection to the PS4.  The controller would disconnect, not recognize button or stick inputs, continue with an input that was stopped.  Just all around an unusable as a product as it makes it impossible to play a game or navigate menus.",controls,,,,
t2.1-092,e26c6a6d6711c49835610bb1,B015XC3B46,2.0,1527868177131,Pros:<br /><br />You can charge controllers without a wire<br /><br />Cons:<br /><br />Everything else.<br /><br />I was waiting for the micro USB connection for the controller charger to break at any moment.,controls,,,,
t2.1-093,e6b72d11c75728c33f95c319,B01I3946R2,4.0,1518284530450,"I have another type of gaming mouse by this company and it's been  a decent gaming mouse that I use with my laptop. I figured on getting this just because of the price  The mouse works great and looks pretty nice as well. I have big meaty hands ,suprising to me, it is comfortable to hold and nice to use. The software installation is easy and convenient. (If the lights don't work,make sure you turn them on. There is a switch on the bottom)",value,,,,
t2.1-094,e89ce69d0a5a3d2acb2d6023,B07MHNTVBL,5.0,1392895325000,"This a Great Sony PS4 Game, my kids just love ! I recomended for every body ! My son have 8 eyers old.",,,,,
t2.1-095,eb38e9441d18dc2302a08363,B074G34RY2,1.0,1504670773906,"Third Steele Series mouse I have owned. Bought this one thinking the laser would be better. Initially thought it was just me not being used to this mouse. Bought it in April of 2017 and have tried several different configs for the setup. Long story short, this is the sorriest POC mouse I have ever bought for gaming. It finally died mid-game on me tonight and I threw the POC in the garbage. Last one I'll be buying.","story,value",,,,
t2.1-096,eb90eebe7ab8088e95225e9e,B001EYUXWQ,4.0,1530581019718,You guy is too strong for Survival Horror. It like being the &#34;The Rock&#34; in any of his movies. You can kick every creatures butt.,,,,,
t2.1-097,f22edfa9ac83f2f4a1fe6d12,B00K77WQ3A,5.0,1423178075000,"If you are looking for an entry gamer headset that doesn't break the bank, these are for you. The sound quality is excellent, I love how you can adjust the bass. Great price, awesome sound!!!!!",value,,,,
t2.1-098,fb4034c676041ec30aaea48c,B00BDR5SO2,5.0,1560552437723,What youre expecting!nice,,,,,
t2.1-099,fed92caa3f71630cdf641769,B01N9SISEM,1.0,1478142651000,Worked well for a month until the sound from the left earphone stopped working. The LED fuction only works well with pcs or laptops not ps4. It's only 20 bucks so I guess you get what you pay for.,,,,,
t2.1-100,ff8190b1f34281ab0e86d901,B0BXQH38S6,1.0,1644505205352,"The feel was great, never had an issue with battery life. BUT after a couple months the Left Click/ Mouse 1 would either not register or double click. It got extremely frustrating while playing FPS games.",,,,,
